image_id,source,prompt,seed
78748,coco-30k,A group of motorcycles on display for a crowd.,99949
267684,coco-30k,Two people with skis are skiing on the snow.,70635
96625,coco-30k,A man is performing a trick on skis.,93109
236874,coco-30k,A young man wearing a catchers mitt on top of a baseball field.,20480
411201,coco-30k,A large two level bus near a tall structure.,36346
33753,coco-30k,A wooden park bench with a remote control on top of it.,48381
421370,coco-30k,A man on a motorcycle going down the street.,39841
548538,coco-30k,A black train car with a group of men standing on the back of it.,48314
402027,coco-30k,A giraffe standing next to some trees in a field.,17963
295420,coco-30k,A blue truck drives down a narrow street.,94823
145562,coco-30k,a small toys with so many people in it,19101
392967,coco-30k,A baseball player in a white and black uniform holds onto a black bat as a ball is in mid air in front of him.,52181
52661,coco-30k,Traffic on a dock next to a moored sailing ship.,9758
320020,coco-30k,A small black and white dog with the wind blowing through it's hair.,50623
472610,coco-30k,A woman is posing for a picture with her dog in front of cows.,81860
292236,coco-30k,A couple of men standing next to train tracks.,4817
419848,coco-30k,A hot dog and a bowl on a table.,30198
268375,coco-30k,A herd of gray elephants standing next to each other on a block of cement.,24653
161925,coco-30k,two women are cutting and preparing a pizza,14281
334077,coco-30k,A man bending over a pile of umbrellas sitting on a sidewalk.,85308
493613,coco-30k,A pair of shoes flips over a skateboard on a road. ,40387
541223,coco-30k,a glass building with a plane coming out of it ,65473
249325,coco-30k,A man sitting on a bench next to pigeons holding a news paper.,8104
499428,coco-30k,A large red double decker bus traveling down a road.,50762
436511,coco-30k,Tourists watching a man running with horned sheep down a dirt road,16090
42279,coco-30k,Two zebra standing next to each other near a forest.,25948
434786,coco-30k,an image of a man with a cigarette in his mouth,93471
358629,coco-30k,A man in the kitchen is doing his job. ,83555
346717,coco-30k,A man flying through the air while riding a skateboard.,85847
431967,coco-30k,A white bathroom sink sitting under a window.,75371
303672,coco-30k,Three different electronic devices sitting on a brown table.,92082
397318,coco-30k,A group of people sitting at a table with plates and soda.,75338
53774,coco-30k,skateboarder who is about to land from a jump of some type,79901
64909,coco-30k,A young man wears a fake mustache in a kitchen decorated for the New Orleans Saints.,67052
208002,coco-30k,A horse and colt in tall grass near a house.,61510
190463,coco-30k,A man riding a skateboard near a ramp.,86555
570242,coco-30k,A close up of a house phone showing only the numbers in focus.,23572
107244,coco-30k,a street sign on a road near a building,63584
362971,coco-30k,A pile of bunches of bananas not fully ripe.,6489
195470,coco-30k,Group of white sheep walking in a field of grass together. ,88708
44604,coco-30k,a tiled floor with a trash can and a urinal sitting inside of it ,27297
518586,coco-30k,A train drives along railroad tracks while a person walks between the tracks.,49380
267127,coco-30k,A man riding a skateboard down a street.,2697
531414,coco-30k,A black cat staring into the distance in a room,54969
258112,coco-30k,A store with a taxi and bus parked out front,83220
361180,coco-30k,A brown bear walking with rocks in the background.,15492
130663,coco-30k,A group of people standing outside of a blue train.,48737
475407,coco-30k,A man riding on the back of a red motorcycle.,35041
285352,coco-30k,a very small bathroom with a dirty toilet and scrub brush near by,56006
308362,coco-30k,A long bus driving on a city street past a building.,10662
494179,coco-30k,A single engine plane in the air right above a grassy field.,70595
393971,coco-30k,a picture of a girl with a cat on a laptop screen,77826
289076,coco-30k,Skateboarder wearing all black going up a wooden ramp on his board. ,80121
3786,coco-30k,Woman with bookin sat on sidewalk from the top view,95997
100234,coco-30k,a blue boat in the water and a factory and a dock,8063
9857,coco-30k,The lamp is on next to a bed with a quilt. ,81286
149329,coco-30k,A train on a track on a sunny day.,79608
160421,coco-30k,"A bowl of food with meat in a sauce, broccoli and cucumbers. ",26549
513699,coco-30k,A group of people that are at the beach.,29211
479832,coco-30k,A train covered in lots of graffiti on train tracks.,624
444493,coco-30k,People at a bus stop waiting on a bus.,4347
231768,coco-30k,many cars parked in a lot around several stores,96319
110951,coco-30k,A remote control sitting on a dash of a car.,32086
382729,coco-30k,A man standing on a blue tennis court holding a racquet.,93588
313162,coco-30k,A pizza is shown on a plate on a table. ,70334
16497,coco-30k,A man posing for a picture while holding a skateboard.,62412
498460,coco-30k,And animal stands on a table while a bear rides a bicycle.,41284
350694,coco-30k,"The surrounding of an outside town in the image.
",74301
295359,coco-30k,A crow perched on an empty park bench.,20854
315073,coco-30k,A cat with it's mouth wide open laying next to an open blue bottle on a window sill.,34872
390685,coco-30k,A close up of a stop sign on a public street.,40595
453138,coco-30k,A bike parked next to a cluster of trees.,60532
300157,coco-30k,Pair of zebras standing in grassy field outdoors.,51960
359855,coco-30k,A broken suitcase is on the side of the road.,52666
228942,coco-30k,A white passenger train passing a parking lot at night.,6401
487338,coco-30k,A girl is holding a paper up over her face as a man is shown behind in a mirror talking on a phone.,15274
36528,coco-30k,The airplane is about ready to get take off from the runway. ,77566
173004,coco-30k,A half eaten slice of pizza is on a plate with a knife and fork.,67053
48034,coco-30k,A person skiing down the side of a snow covered field.,90442
276969,coco-30k,A forest filled with lots of brown horses grazing on green grass.,47069
117036,coco-30k,A zebra walks in his enclosure in a zoo.,48009
135410,coco-30k,A bike leaning up to a parking meter.,58376
181462,coco-30k,A dead cow corpse laying on top of a beach.,16962
297620,coco-30k,A large open room with a long white staircase.,22979
114941,coco-30k,train pulling up on the tracks next to a stationary double decker train,72393
374486,coco-30k,Two giraffes that are standing together in a field.,59105
141328,coco-30k,a large bowl full of pasta with many other foods,89738
18534,coco-30k,A farm with a herd of cattle grazing on it's green open fields.,78081
478474,coco-30k,A truck that is sitting in the street.,98725
154587,coco-30k,A motorcycle carrying a bicycle is parked in the gravel. ,55512
432605,coco-30k,A bathroom with an open door and a sink beneath a mirror.,33949
50006,coco-30k,Looking out over a bay with many tourist boats moored,91904
261388,coco-30k,a horse pulling a carriage down a street,84691
547790,coco-30k,A fighter jet flying through a cloudy blue sky.,969
96638,coco-30k,A man sitting in the snow riding a snowboard.,38379
308764,coco-30k,A woman is holding an perched owl above her head.,98459
161141,coco-30k,A red bicycle with a basket on front next to a train.,36123
491921,coco-30k,A couple of men standing on top of a field.,60449
155604,coco-30k,Pizza with toppings baking in oven with steel,81750
230247,coco-30k,A mirror that is on a tiled wall.,11085
161220,coco-30k,A couple of dogs fighting over a red frisbee.,89928
475108,coco-30k,Calico cat yawning and laying on a gray seat.,66696
341393,coco-30k,A golden retriever laying down on the side of a pool.,72715
395849,coco-30k,A row of United States Army military fighter jets.,81540
163755,coco-30k,a group of people skiing on a hill ,93918
226154,coco-30k,A green and white bus on street next to dirt area.,29604
213978,coco-30k,Someone taking a slefie with a large camera in a large mirror.,92511
311883,coco-30k,A train moving along a track during the day.,46353
80131,coco-30k,A group of people sitting around a table in the kitchen.,97458
393995,coco-30k,a small cat is sitting in the window of a house,81548
353968,coco-30k,"A girl on a couch with a laptop, and a cat beside her",68884
450607,coco-30k,A red double decker bus is driving down the street. ,85229
487295,coco-30k,a burger and a pickle sit on a plate,84192
421915,coco-30k,A couple cuddle together in the cab of a lovingly restored flat bed Ford,96838
30785,coco-30k,A plate filled with a bowl of vegetables and two slices of bread with a spread on them.,1747
560918,coco-30k,A little boy is picking up a skateboard outside.,2940
480210,coco-30k,two surfers are carrying two long surfboards at the beach,97374
183716,coco-30k,Two little girls are dressed in uniform preparing for the day,6085
546298,coco-30k,a big bird stands on top of a wooden log ,40805
260036,coco-30k,A man riding up the side of a skateboard ramp.,5433
243222,coco-30k,A man holding a tennis racquet near a tennis ball on a court.,77882
352478,coco-30k,A table full of green vegetables that are for sale,68011
221094,coco-30k,A man and woman are on a bicycle pulling luggage.,85691
341957,coco-30k,A teddy bear is on the pillow and a jacket is on the bed.,24720
245432,coco-30k,Multiple people waiting on a boarding dock to get on the train.,97456
59225,coco-30k,a young man on skis glances at a frozen parking meter dispenser,25591
75905,coco-30k,A group of people posing together at a party.,23489
508846,coco-30k,A cat hiding in a basket of some sort.,45328
42968,coco-30k,A plane is somewhat distant away from the green grass. ,52295
532043,coco-30k,The cow is standing by himself on the rocky ground. ,10756
64183,coco-30k,A person in the street carrying a cart and an umbrella.,3880
353981,coco-30k,large NASA plane parked near the landing stripe next to a smaller plane,82663
497014,coco-30k,The dog is playing catch with his master.,46375
490125,coco-30k,White birds are gathered around a water puddle.,71230
120860,coco-30k,The dog is standing on the boat staring at something.,98273
292901,coco-30k,A lady holding an umbrella is standing at the rail. ,42950
316464,coco-30k,A cow standing in a grassy fields surrounded by shrubs,92745
349804,coco-30k,Three airplanes on display behind a high fence.,93680
9077,coco-30k,A variety of fruit is displayed in a market.,96456
103585,coco-30k,A bathroom with two sinks sitting under mirrors.,89955
78488,coco-30k,A yellow fire hydrant in front of a bike leaning against four poles,4864
289620,coco-30k,Two men on a beach playing paddle ball.,97444
98872,coco-30k,"Front diagonal view from hips up of a woman holding a beer out at side, face to face with a man wearing sunglasses with his tongue out, both wearing neckties, by a wooden wall.",87285
174423,coco-30k,A bird sits perched on the edge of an umbrella. ,46744
405032,coco-30k,A large panda bear hanging off the side of a tree.,577
321887,coco-30k,White sheep standing in front of a colorful wall in a building. ,54830
544597,coco-30k,there is a bathroom that has a lot of things on the floor,41152
92998,coco-30k,The kitchen features a table in the middle of the room.,7823
210060,coco-30k,A woman on a bike with a baby seat holding a dog leash.,79364
482800,coco-30k,an image of three people playing Frisbee outside,52700
535151,coco-30k,a close up of two plates on food on a table,53341
556608,coco-30k,A birthday cake with English and Chinese characters.,10508
183104,coco-30k,an image of two giraffes in a crate,59998
474034,coco-30k,A woman riding a skateboard down a sidewalk in front of a building.,22821
352761,coco-30k,An old man smiling while sitting on a bench.,34805
447791,coco-30k,A large boat sitting in the middle of a body of water.,77931
502963,coco-30k,People walking next to a cafe in the rain,21142
35767,coco-30k,A large tree sitting next to two benches.,42993
556545,coco-30k,A skateboard resting against a wall with a photo sitting next to it. ,26877
188421,coco-30k,A toilet next to a sink inside of a bathroom.,68038
401539,coco-30k,A large herd of horses riding on either side of two men.,29616
281950,coco-30k,A lone toilet sits in a large bathroom.,69399
467031,coco-30k,A train on a track pulling into a station dock.,36047
537652,coco-30k,A bird that is standing on a concrete ledge over the water.,11462
220722,coco-30k,People are in the bed of a green truck with an umbrella.,13451
578713,coco-30k,A back ho that is next to a pile of dirt.,48178
561050,coco-30k,Two giraffe standing next to each other on a lush green field.,88833
361147,coco-30k,A tennis player shows controlled excitement while a crowd watches.,77395
242423,coco-30k,A green lizard is eating a brussel sprout.,28259
366330,coco-30k,A tall brick clock tower sitting under a blue cloudy sky.,83046
239456,coco-30k,A man holding a tennis racquet on a tennis court.,27115
14781,coco-30k,A news paper sitting on a floor next to a toilet.,9171
443197,coco-30k,A striped cat curled up above a comforter. ,20341
574145,coco-30k,A new and stylish bathroom with a walk in shower is shown.,43032
92332,coco-30k,A man holding and pointing to a jumbo remote control in clear package in a store aisle.,29784
470113,coco-30k,Add you own paint or woodstain to these unfinished cabinets.,68103
2592,coco-30k,Decorated coffee cup and knife sitting on a patterned surface.,86823
168583,coco-30k,Two people are talking in a mall area.,69739
345068,coco-30k,A hospital room filled with empty beds and medical equipment.,24890
573196,coco-30k,A plate with a slice of cake on top.,86086
373705,coco-30k,"A number of young people are enjoying themselves around a fountain, not far from a fire hydrant.",57298
120428,coco-30k,A girl with a drink sitting on the toilet.,71836
108425,coco-30k,A man standing on his front lawn throwing a Frisbee.,22060
419051,coco-30k,a cat is standing inside of a bathroom sink,7948
94021,coco-30k,A couple of black cats laying on top of a bed.,89773
123415,coco-30k,An elephant standing next to a smaller elephant.,89612
113282,coco-30k,People are in a large building with luggage.,28960
381204,coco-30k,A closeup of an apple in the foreground with three oranges in the background.,12944
423189,coco-30k,Sparse office with antique computer and dial telephone,60536
284715,coco-30k,A white and brown dog sitting on top of a bed.,36853
76087,coco-30k,there are many giraffes in a fenced in area,14398
329573,coco-30k,A airplane that is sitting on a runway terminal.,71014
154420,coco-30k,A clean bathroom with blue tiles on wall and counter.,9432
380892,coco-30k,A brown horse standing on a lush green field.,27291
519706,coco-30k,An old woman in a flowered dress is holding a plate of bananas.,26159
148282,coco-30k,A baby in a carriage on street next to market.,44917
159609,coco-30k,A woman with a tennis racket and a ball in front of her.,33165
113975,coco-30k,Dog jumps over a woman to catch a frisbee in a dog show.,37490
8665,coco-30k,One bird that looks like two different ones.,15994
249836,coco-30k,A time lapse photo of a man throwing a frisbee.,15397
26630,coco-30k,There is an unmade bed in a Victorian style room.,22797
55126,coco-30k,People and a dog riding a decorative boat on a waterway. ,40784
191047,coco-30k,Three men all walking in the middle of the road .,31405
22129,coco-30k,A bamboo bench with a backpack sitting on top of it.,47654
309434,coco-30k,Two planes fly next to each other with only the sky visible in the background.,63792
563641,coco-30k,There is a blue and yellow train stopped at a train stop,80145
395633,coco-30k,A red and black boat floating on top of water.,87852
196865,coco-30k,Two books are stacked on a small counter. ,54800
521440,coco-30k,A small child tries to ski but is holding onto a balancing pole.,93859
352235,coco-30k,Three men on beach with a white surfboard next to them.,18050
290231,coco-30k,A man riding a motor cycle down a race track.,49357
47112,coco-30k,A dining table has a large pizza and wine glasses.,13198
174123,coco-30k,A huge plate of yummy food with fork to eat. ,99741
432255,coco-30k,A person on a court with a tennis racket.,35605
32990,coco-30k,A kitchen sink sitting next to a toilet.,27235
114239,coco-30k,A woman holding up measuring cups and a cat watching on the counter.,27470
238377,coco-30k,A dog laying in some hay on the ground.,29853
261982,coco-30k,A man flying through the air while riding a skateboard.,99233
348701,coco-30k,A person doing skate tricks in an outdoor park,89422
473929,coco-30k,A herd of zebra standing next to each other on a grass covered field.,46449
149444,coco-30k,ALL THE DELICIOUS TREATS DISPLAYED IN THE DELI.,24246
258789,coco-30k,A field with a cat and chicken next to a fence.,36004
35395,coco-30k,"A long table set with a variety fruits, vegetables and baked goods.",1879
253969,coco-30k,A man and a woman standing next to each other.,49729
29852,coco-30k,A street sign on a tree lined Japanese street.,94806
263586,coco-30k,A young girl holding a tennis racket on the court.,93904
59202,coco-30k,A skateboarder is near the edge of a skateboard ledge.,20944
70294,coco-30k,a blue bus is coming down a road,97698
25005,coco-30k,A male competitive speed skier coming around a curve.,45765
37677,coco-30k,A woman sitting on a fence holding an open umbrella.,18959
208955,coco-30k,The pitcher throws the ball as the batter waits to swing while the catcher and umpire watch.,27299
497867,coco-30k,A hybrid diesel-electric commuter bus on the street in England,90590
559821,coco-30k,A man with a tie standing by some umbrellas.,8520
213687,coco-30k,Motorcycles driving down a wide city street nearing a white building.,61687
445298,coco-30k,A black and white cow standing on to of a lush green hillside.,55750
393836,coco-30k,An unmade bed and a turned on lamp.,76271
486026,coco-30k,A red and green plate holding a pink cake with frosting.,95698
435533,coco-30k,A bathroom toilet with yellow liquid inside and a dirty tub.,92225
111409,coco-30k,a man that is riding a bike on some concrete ,39793
484425,coco-30k,A pizza on a pan sitting in the oven.,11295
572861,coco-30k,A brown horse pulling a carriage down a street.,6896
117201,coco-30k,A group of skiers is headed towards the slope,7967
188346,coco-30k,A green fire truck sitting on top of an airport tarmac.,36721
488522,coco-30k,There is a knife cutting into a cake.,17453
60434,coco-30k,A pole with signs on it in the street out side.,31577
349485,coco-30k,Fresh fruits and vegetables sit for sale at a store.,41670
81251,coco-30k,A pizza topped with fresh tomatoes greens and cheese,19907
72514,coco-30k,A couple of cows tied to a fence in a city area.,21652
310553,coco-30k,A man riding on the back of a motorcycle with a woman.,13272
463037,coco-30k,A plane site on a grassy country runway.,96294
275751,coco-30k,A red and yellow high speed passenger train rolling along the track.,68761
19102,coco-30k,A couple of zebra standing next to each other.,43697
58133,coco-30k,A white bathroom mirror mounted to it's wall.,24643
139260,coco-30k,There is a banana split with whipped cream and a cherry.,20910
236904,coco-30k,A small white dog standing next to a red fire hydrant.,2535
83214,coco-30k,A truck is parked on the side of a busy road.,97854
468604,coco-30k,Large elephant rubbing itself up against a large tree. ,729
416145,coco-30k,A large brown bear wading through a  pool of water.,53413
321307,coco-30k,A green bus with a red top traveling down a street.,32941
442791,coco-30k,A small animal on a rock near some Frisbee.,3452
146411,coco-30k,A cat on the ground with a shoe.,27236
476770,coco-30k,A group of men playing a game of baseball on a field.,35063
163640,coco-30k,A man holding a piece of food by a string.,36557
113354,coco-30k,Three zebras munching on grass in their natural habitat.,99992
146865,coco-30k,A young man does a trick on a skateboard in a bowl while other children with bikes and scooters watch.,98407
187857,coco-30k,A man riding on the back of a motorcycle down a street.,63965
531796,coco-30k,Two buses that are sitting under a metal frame.,74545
16848,coco-30k,A filled plate of Chinese food with broccoli,43206
293153,coco-30k,The sightseeing boat streams along the river joined by a plane,61324
99053,coco-30k,"A bowl of noodles, meat and broccoli with a fork.",98867
4972,coco-30k,A BLACK AND WHITE PIC OF A MAN AND A HORSE ,45038
264032,coco-30k,Extra hands would be a help for this messy kitchen.,12774
132987,coco-30k,Two men who maybe spear fishing one is on a surf board.,65493
567432,coco-30k,A colorful plane flying over head and telephone wires,58339
508541,coco-30k,A motorcycle parked in front of building next to a umbrella covered table.,45773
381832,coco-30k,a street light hanging fron one of many wires connected to a power pole,70744
67534,coco-30k,Not really a good choice for this shirt and tie combination.,8071
554740,coco-30k,Two parking meters take credit cards and allow 2 hour parking,71199
506201,coco-30k,a couple of people on skis ride through the snow ,36352
518127,coco-30k,A huge shot of almost an entire football field during the game. ,39711
547886,coco-30k,Four people on horses walking on beach next to water.,21849
479596,coco-30k,a bunch of fruit sit on sale for the public ,34341
451856,coco-30k,Two girls and a guy showing off their frisbees.,69626
96711,coco-30k,A woman is sitting outdoors eating some food. ,61067
504103,coco-30k,a red open sign is by a curb,24425
167964,coco-30k,A lit street lamp at an intersection with a stop sign.,65936
515876,coco-30k,A fire hydrant on the side of the road.,91204
145520,coco-30k,"Cluttered white shelf with tootbrush, toothpaste and hairbrush.",95289
539738,coco-30k,A man holding a suitcase in one hand and hat in the other,79049
578292,coco-30k,A little boy is holding on to a stop sign.,56869
441430,coco-30k,Multiple bunches of bananas and plantains in an outdoor market.,61709
565485,coco-30k,A red bench and a person in a train station.,10005
74200,coco-30k,Surf boards adorn the windows of a dessert shop. ,2105
421681,coco-30k,A couple of suit cases sitting on top of a wooden block.,24545
122839,coco-30k,A statue of a person and a elephant on a street.,56429
328316,coco-30k,A no left turn sign hanging from the side of a wooden pole.,75313
228135,coco-30k,A man talking on a phone while holding ski poles.,67951
109178,coco-30k,Urinals are lined up on a wall in a bathroom.,33070
157098,coco-30k,Three giraffes standing up in a field eating leaves off of trees.,95800
199319,coco-30k,A group of palm trees with lots of bananas hanging from them.,67614
318570,coco-30k,a man that is skiing across some snow field,12354
408773,coco-30k,A man in a plaid shirt riding a skateboard.,68846
345419,coco-30k,A person riding a surfboard in the ocean,860
437269,coco-30k,Two people wearing ski equipment standing on top of a ski slope.,76669
532527,coco-30k,A table topped with vegetables and a pitcher.,77771
156846,coco-30k,A group of people sitting around a long table,10445
320670,coco-30k,A man is laying down on a bed with white sheets.,87227
5820,coco-30k,A park bench on the side of a lake.,51063
170072,coco-30k,There's a crossing sign that shows you can't make left turns,49688
87875,coco-30k,"Their is a hadron and their  in this lot,",2242
145651,coco-30k,A small white room with an unmade bed that has a backpack and a pair of glasses resting on it.,6771
469719,coco-30k,A skier in the midst of a jump,35621
495183,coco-30k,a girl is riding her bike down the street,84488
487299,coco-30k,A city street with traffic lights flooded by water.,33715
128515,coco-30k,Man being silly and jumping on the bed.,43529
290896,coco-30k,A yellow bus in parking lot with power lines above.,81845
239130,coco-30k,A man is riding a bike and talking on his cell phone. ,33784
30958,coco-30k,A woman laying on a bed holding a handbag. ,20573
278512,coco-30k,A small white plane sitting on top of an airport runway.,82505
415714,coco-30k,Two signs that are attached to a metal pole.,12809
89697,coco-30k,The man is sitting on the arm of a bench near a woman.,10356
232115,coco-30k,assorted desserts sitting on an outdoors table ,50978
574665,coco-30k,A cement truck sitting next to a wooden fence.,16884
401244,coco-30k,a person playing frisbee on a field in sport wear,23979
501153,coco-30k,A white truck with a black back filled with people.,96891
270544,coco-30k,an image of a group of people that are on a boat,422
93571,coco-30k,a couple of zebras are standing in a field,71934
309499,coco-30k,Two animals are walking along in a field.,74053
565153,coco-30k,a road sign showing to stop on the road near a forest,70670
292819,coco-30k,"a bicycle sits on its stand in the middle of a grassy, wooded area",82808
496268,coco-30k,A red stop sign above a no parking sign.,15251
542077,coco-30k,Two street lights on a corner pole in a town.,6857
477623,coco-30k,An orange train traveling along train tracks near a train yard.,30100
12666,coco-30k,The traffic in this city is busy this time of day. ,16408
521400,coco-30k,A female tennis player stands close to the net holding a racket. ,23407
291861,coco-30k,A Zebra standing in between a group of large rocks ,17919
376393,coco-30k,Two men riding a ski lift above a snow covered mountain.,87153
407067,coco-30k,A skateboarder is doing a trick on cement steps.,25931
471394,coco-30k,A  plate of food on a table with a tall glass,78797
359310,coco-30k,"A man on a motorcycle with a passenger car attached, parked on the side of the street.",88586
567801,coco-30k,The walk light is lit on this street.,28196
568863,coco-30k,A sign indicating Florida Avenue and another one stating the speed limit is 35.,98986
198447,coco-30k,A person standing in front of a train holding a pair of skis.,86696
140501,coco-30k,A military jet with a bomb on the runway.,17989
2142,coco-30k,A man sitting on top of a bench near some pigeons.,23640
233023,coco-30k,A man looking after an elephant in some exotic country.,57628
397483,coco-30k,a ship sitting out on the ocean not moving,5437
172935,coco-30k,A person flying through the air whale riding skis.,28687
315388,coco-30k,a pair of shoes and fabric strewn across a wooden floor.,41613
530975,coco-30k,a round outdoor courtyard table with a hotdog and a bag of chips on it.,67673
185475,coco-30k,A bus sitting beside a sign that says tow zone.,60977
181969,coco-30k,"An animal, curled into a ball, takes a nap.",24194
197219,coco-30k,a person sits at a table eating pizza,56336
401163,coco-30k,"The dog lies on the ground, while the two men talk to each other.",63888
555905,coco-30k,A bedroom that looks like a hotel room includes a television and bed.,24172
58146,coco-30k,a close up of many toy sheeps on a table ,55505
500446,coco-30k,A large clock mounted to the face of a buildings entrance.,67216
229020,coco-30k,a computer is on a desk next to a lamp,26093
267351,coco-30k,A large clock tower is yellow and white.,31818
76351,coco-30k,A small elephant rubbing up against a tree.,54129
306159,coco-30k,point of view shot of man using a small urinal in bathroom,9649
246530,coco-30k,Two giraffes looking in opposite directions and crossing necks.,98779
120776,coco-30k,A small group of people stand at the side of the sidewalk by a metal statue,82132
162523,coco-30k,A man who is performing a trick on a skateboard.,21856
261068,coco-30k,A lady doing something with animals in an enclosed area.,81693
461573,coco-30k,A metal park bench sitting next to a small road.,67734
459032,coco-30k,A man holding a tennis racquet standing on a tennis court.,20371
531286,coco-30k,A red bus in a city scene with traffic.,82356
452137,coco-30k,Plate of 3 hotdogs covered in onions next to a mug of chocolate milk,99512
277518,coco-30k,A boat sitting next to a beach in the ocean covered with birds.,70483
513891,coco-30k,Signs indicating a one way with paintings on it,8863
567197,coco-30k,an old black and white photo of cars parked near a building ,89495
47828,coco-30k,A blue lighted bridge over water at night.,56095
191304,coco-30k,"A dining table with a buffet table, book shelves and a wall clock.",78010
249599,coco-30k,A cat laying on the floor next to a glass.,4340
413349,coco-30k,A man that has a skateboard that is in the air.,98061
401028,coco-30k,A person that threw a frisbee in the air.,61818
387515,coco-30k,The blue and white bus is travelling down the street.,4321
446461,coco-30k,A man playing drums while making a creepy face.,4453
147576,coco-30k,A couple of boats and car on a street.,25665
57244,coco-30k,A rusted out train engine sitting next to a green forest.,4649
241868,coco-30k,An adult zebra and a child zebra walking through a lake. ,23400
576031,coco-30k,A woman on skis stands on a flat snowy surface.,30032
73039,coco-30k,a purse a pair of shoes and a horse behind a display glass,65020
552636,coco-30k,A group of people walking down a sidewalk near a bus.,63135
427133,coco-30k,A group of people behind a white picket fence watching a person in the grass with a dog and small group of sheep.,2412
33931,coco-30k,A close view of the round part of a tablespoon shows a wilted piece of lettuce resting on the spoon.  ,3279
28508,coco-30k,One of the three giraffe is eating from a tree. ,67905
442661,coco-30k,a giraffe stares out of a glass window ,16964
251627,coco-30k,A black and white dog looking at a frisbee on a grass lawn.,34258
411587,coco-30k,The man is in the water with a boat.,4341
175653,coco-30k,A person trying to get up after falling while skiing.,48474
407945,coco-30k,Someone picks up a slice of fresh pizza with one hand.,69675
500468,coco-30k,A large group of chickens stand together in a building. ,10635
225715,coco-30k,The room was clean with the bed neatly made. ,39222
526956,coco-30k,three cupcakes with small umbrellas near one another ,5295
87958,coco-30k,A train with several cars is going around a corner.,92794
365618,coco-30k,Roadway intersections in urban area near waterway with bridge.,77206
289855,coco-30k,The bird is perched alone on the bannister. ,1485
517967,coco-30k,A picture that has a lady with a laptop.,35957
288270,coco-30k,A group of people standing outside of a ski lodge.,91764
333677,coco-30k,A room with a bed and an adorable chihuahua sleeping on top of it,23925
555939,coco-30k,A small bathroom with a toilet and shower.,20824
401901,coco-30k,A pair of children kick a ball together.,22840
293757,coco-30k,A cat perched on top of a dresser.,50355
410168,coco-30k,A dog wearing a yellow hat with a smiley face on it.,86580
227048,coco-30k,A young man playing a game of tennis on a tennis court.,51829
374886,coco-30k,A United States air plane taking off .,27748
478380,coco-30k,A bus driver watching a herd of sheep blocking a road.,63315
522371,coco-30k,A couple of young people standing next to each other on the snow.,71654
306313,coco-30k,An oven in a kitchen with a stove on top in between counter tops.,28527
425848,coco-30k,A prepared dinner on a plate sits on a table.,18372
101013,coco-30k,A blue car driving down a street past parked cars.,51867
524186,coco-30k,A big commercial plane flying in cloudy skies.,93670
243091,coco-30k,a white plate filled with pasta and broccoli,54006
120046,coco-30k,Two zebras are sitting on the ground. ,49544
30967,coco-30k,two giraffes are walking around in their pen ,52123
8333,coco-30k,A white and red train traveling over a city.,60979
69340,coco-30k,A kitchen that has a sink and cabinets in it.,85330
378139,coco-30k,There is a water shuttle going down a canal.,17998
459634,coco-30k,People are riding on motorcycles on a scenic road.,70377
145227,coco-30k,a man that has a medal around his neck,99497
137211,coco-30k,Several large trucks parked outside among many tree's.,45844
234910,coco-30k,A shopping center with parking lot along a busy street.,51884
30925,coco-30k,A giraffe stands next to a tree and a lake.,32354
181666,coco-30k,a flock of goats and some men watching them,8898
345456,coco-30k,Passengers departing a train at a busy train station,53912
223545,coco-30k,The Queen Mary ship sitting in a harbor in Long Beach.,23586
227019,coco-30k,A man playing a game of sports with a hard swing baseball ,89561
389549,coco-30k,A herd of sheep that are grazing on some grass.,95257
182369,coco-30k,Animals in a body of water play with a ball. ,80594
290619,coco-30k,Banana and plastic drink container sitting on a table.,40472
194876,coco-30k,A man is standing in a bedroom with his shirt unbuttoned.  ,60021
264737,coco-30k,some little goats and sheep standing next to a larger goat ,69194
314074,coco-30k,A man is slicing a large white cake,77136
245383,coco-30k,a motorcycle and a three wheeler both coming same direction on both sides of street,40155
48555,coco-30k,A group of people on horses racing together.,19251
144122,coco-30k,A small airplane flying through a blue sky.,98410
528269,coco-30k,a brown black and white bird and some plants grass and leaves,47292
481480,coco-30k,Two jockeys ride their horses in a race at the track. ,93220
406841,coco-30k,An old brick building contains an appliance store.,24503
170788,coco-30k,Five birds nestled together on a tree branch sleeping.,72631
467000,coco-30k,a rainy day with people on the road with umbrellas and a person with a cycle waiting in the shade. ,52183
155793,coco-30k,Meat item with sauce and vegetable and side dish on table.,7486
133928,coco-30k,A yellow duck boat floating on top of a lake.,67177
226008,coco-30k,A couple of people riding a jet-ski on top of water.,27252
82807,coco-30k,A very cute looking small dog by some food.,88219
457575,coco-30k,A kid playing a game of frisbee with his dog in the snow.,27963
432623,coco-30k,A woman on a motorcycle smiles next to a man on a bicycle.,99166
68715,coco-30k,"A street sign with the name of a street on it, and next to it is a post with various names up and down the post.",21021
525272,coco-30k,"A tomato, onion and basil pizza in it's raw state.",44222
35328,coco-30k,Stairs are leading down into the streets where there is a bus.,40684
52107,coco-30k,three tennis players on a court playing tennis,79254
542260,coco-30k,"kids play soccer is a soccer field, one boy just kicked the ball",50424
2225,coco-30k,A little girl is eating a chocolate doughnut.,89026
79408,coco-30k,A red stop sign sitting next to a forest.,28872
304545,coco-30k,A black suitcase with a handle and white background.,13454
8603,coco-30k,An adult and baby giraffe walking through a field.,29088
524216,coco-30k,A large white bus driving down a street next to a sign.,47954
530099,coco-30k,A orange calico cat on top of a vehicle.,61827
273657,coco-30k,Two donuts with chocolate frosting and sprinkles on a plate.,91541
555478,coco-30k,A big elephant that is standing in the tall grass.,59867
384461,coco-30k,a woman is sitting against a wall with a case,16931
418106,coco-30k,A man stands in front of an airport with many airliners on it.,17536
352576,coco-30k,A giraffe is standing outside in the woods.,62064
373344,coco-30k,A person lays down on a blanket with a dog by her side. ,87870
81630,coco-30k,A large black bird wings spread flying over the woods,34083
414560,coco-30k,there are many cows that are laying in this barn,30198
571925,coco-30k,a large giraffe is outside eating from a tree,49731
356827,coco-30k,A woman in ski gear skiing down a small slope on the top of a mountain.,91966
95679,coco-30k,a take out box is filled with food near some ketchup.,4323
476109,coco-30k,Two giraffes standing in grass surrounded by trees,61524
346621,coco-30k,A trash bin with decorative stickers of cars on them on the ground,20959
428858,coco-30k,a very tall giraffe standing in the wilderness,5249
124157,coco-30k,Several stacks of individual bananas in aluminum trays.,77675
398489,coco-30k,A large cat sleeping on top of a bed covered in blue and brown blankets.,17635
247639,coco-30k,a man with white swim trunks is surfing,93290
77615,coco-30k,A group of people sitting on benches having lunch together at a curbside garden area.,33938
47627,coco-30k,a sexy naked woman on a bed in front of a window,59277
223757,coco-30k,A cat curls up with a purple blanket on a chair.,74812
317448,coco-30k,A man flying through the air while riding a skateboard.,46244
231022,coco-30k,A cat sitting in a chair with its eyes open.,7802
325410,coco-30k,A big bunch of bananas will be growing were the bud is.,77056
549930,coco-30k,The couple walks down the wet sidewalk with an umbrella.,25818
589,coco-30k,A person doing karate in a field at night,20642
306989,coco-30k,A banana sitting on top of a sidewalk near a street.,39654
457735,coco-30k,A small toy that looks like a witch next to a keyboard.,99774
469603,coco-30k,A brown horse looking out of a window in his stall.,72814
316423,coco-30k,A large white bird in the open water.,11468
467843,coco-30k,A small child with glasses is playing frisbee.,88008
41104,coco-30k,A black and white photo of a group of horses. ,75989
564352,coco-30k,Guy watches boat drive by on the water.,8636
293027,coco-30k,a black and white cat hugging a handbag,60368
507927,coco-30k,a number of people riding motorcycles on a city street,97292
574074,coco-30k,a close up of three birds in a tree branch,77758
412471,coco-30k,A bunch of suitcases that are on a sidewalk.,89775
232085,coco-30k,a couple of elephant walk through a dust area ,98469
432330,coco-30k,Many difference birds in cages on display in an outdoor market area.,62891
154000,coco-30k,A small white tow truck parked to another small white tow truck.,49056
63970,coco-30k,An orange cat looks at a green light shining on a bag.,45777
172843,coco-30k,An old toilet is transformed into a lawn ornament by adding soil and plants.,86952
1083,coco-30k,A group of cows on a grassy field.,64669
106757,coco-30k,A actress standing near an elephant on a sunny day. ,19954
501385,coco-30k,Three giraffes in a wood and metal fenced enclosure.,13038
383270,coco-30k,A cake sitting in a green bowl filled with fruit.,97174
260261,coco-30k,A vendor selling fruit from the back of a truck.,46444
564699,coco-30k,A tiled bathroom altered to suit the needs of the handicapped.,73399
346642,coco-30k,A lagoon with crystal blue water filled with boats.,73773
260510,coco-30k,A glass bowl with an orange in it. ,48720
261360,coco-30k,A stuffed frog stuck between two parking meters in front of a car.,11300
5328,coco-30k,A white toilet sitting next to a white sink.,83960
236370,coco-30k,A crowd of people sitting in a room on to of a wooden floor.,90235
132791,coco-30k,A man that is standing in the dirt.,39508
564743,coco-30k,Group of snowboarders on top of a mountain with trees on it. ,28475
292945,coco-30k,Pair of scantily clad adults resting on red benches across of city skyline.,41448
333697,coco-30k,Two street signs on the corner of a stone wall.,94187
409581,coco-30k,A boy carrying a surfboard on a busy sidewalk.,61818
512307,coco-30k,A black haired man wearing a white shirt and tie being filmed while speaking by a woman wearing red,63600
319534,coco-30k,A man wearing a t-shirt stands in the door way of a white bus.,57519
463132,coco-30k,The top of the computer desk is very shiny.,68738
210832,coco-30k,a person jumping a skate board into the air,72306
96488,coco-30k,A red and yellow train with two very large eyes.,58253
484414,coco-30k,a boy jumping his skateboard over a red box,1419
528524,coco-30k,The brown cows walking along a path in the field.,44368
558840,coco-30k,"Tray of food disguised in car, on restaurant counter",28153
401816,coco-30k,A group of three men walking horses on a paved country road.,81339
105179,coco-30k,We are looking at a black and white shot of a train platform.,39645
16502,coco-30k,A sheep standing on top of a rock. ,46367
463610,coco-30k,A white toilet sitting next to a shower in a bathroom.,61246
28714,coco-30k,A bicycle resting outside of a building door,73490
285633,coco-30k,A woman and child at table with a cake.,69689
216006,coco-30k,Road signs giving directions and a car parked next to it,14783
262642,coco-30k,A man in a black shirt eating a sandwich,69763
399628,coco-30k,Two children looking at a steam train engine,27037
296730,coco-30k,A brick building with a clock tower at the corner of a street.,22588
289343,coco-30k,A man is riding a large bike through the park.,42395
570548,coco-30k,"A lunchbox with a sandwich, yogurt and a banana.",14047
139486,coco-30k,A white bed sitting on a wooden floor in a bedroom.,50888
312388,coco-30k,An orange cat sleeping inside of a piece of luggage.,32115
50238,coco-30k,An old red fire truck parked at a car show with on lookers.,40964
4665,coco-30k,A just married couple in the back of a car.,31086
535591,coco-30k,A mountain towers over a train going down the tracks.,6792
527363,coco-30k,Mother elephant nurturing her baby at the zoo,61492
580607,coco-30k,a couple of boats are parked at a dock,60851
195648,coco-30k,A park bench surrounded by a green forest of trees.,97521
10920,coco-30k,A car and traffic light on a city street.,19026
440359,coco-30k,A black and grey dog in the passengers side of a truck.,92058
371194,coco-30k,A couple of small horses walking across a field.,51607
215255,coco-30k,A bathroom with a white sink next to a toilet paper roller.,44773
54603,coco-30k,A mirror sitting on top of a wooden dresser.,50111
148549,coco-30k,A young man holding a bunch of green bananas inside of  a store.,16374
226592,coco-30k,A zebra-print futon with red cushions in a student's room,5069
423336,coco-30k,A black and white cow standing next to a wire fence.,88958
456558,coco-30k,a young man with a turqoise tie is smiling,49883
90075,coco-30k,A large black bear traveling across a grass covered field.,45024
217400,coco-30k,A silver and green train pulling into a train station.,23448
162581,coco-30k,A man wearing a white tshirt hits a tennis ball.,3105
558927,coco-30k,Two giraffes are munching on leaves in a grassy field. ,8146
415360,coco-30k,A puppy laying on a skateboard on a brick sidewalk.,83814
452931,coco-30k,A cose of a restaurant meal consisting of steak potatoes and broccoli ,36907
56437,coco-30k,The man in the tie is looking away from the camera.,73341
192039,coco-30k,A man with a hat on is sitting at a table waiting to eat.,4253
498666,coco-30k,Many planes are parked on a plane run way,25598
555772,coco-30k,A humorous stop sign is pictured in this image.,31928
372794,coco-30k,A yellow and green train pulling out of a tunnel next to a red car.,7689
463013,coco-30k,A baseball player standing on top of a green field.,92860
258523,coco-30k,A black cat laying on the tank of a toilet.,89934
111448,coco-30k,a hand sitting on a horse that is being lead by two other people,47243
72666,coco-30k,A cloudy day with a few airplanes waiting to take off.,55245
464153,coco-30k,A person on a red and black moped on a sidewalk. ,94552
140540,coco-30k,A train engine carrying carts over a hill side.,24422
212545,coco-30k,a girl wearing a cowboy hat while holding a dog ,31322
62198,coco-30k,A man on a surfboard that is in the water.,86949
564629,coco-30k,"A kitchen, with a sink, oven, fridge, and cabinets.",94338
335065,coco-30k,Adults and children gathered at large family meal. ,41391
205300,coco-30k,A person on a motor bike on a road.,29553
577651,coco-30k,a person riding skis on a grassy field,769
139,coco-30k,A woman stands in the dining area at the table.,76991
179397,coco-30k,A factory with a large smoke stack next to a train.,88146
385786,coco-30k,"Two beds with decorative wooden headboard and foot board, one is a double and one is a single",9812
407903,coco-30k,A group of people riding surfboards on waves in the ocean.,25933
343643,coco-30k,A double decker bus parked next to a crowded sidewalk.,45367
282134,coco-30k,Guy poses for picture by kitchen sink with two dogs,39509
317130,coco-30k,Road signs litter the side of a road.,19598
398637,coco-30k,Attendants at a fancy event wear long dresses and tuxedos.,38804
233370,coco-30k,A woman lies on the ground under a suitcase.,72677
151005,coco-30k,a wooden bench with some yellow and green leaves ,86690
113369,coco-30k,A couple pieces of pizza sitting on a plate.,40784
348905,coco-30k,A guy in a jet ski goes fast in a curve. ,24827
216863,coco-30k,A group of skateboarders on top of a ramp.,18528
303099,coco-30k,Two cats are shown sitting on a toilet.,50099
410265,coco-30k,A large herd of cattle crossing a country road.,3424
503992,coco-30k,A yellow lab curled up in its dog bed.,73663
521197,coco-30k,A man poses with a yellow bicycle and a banana. ,6636
150987,coco-30k,A large predatory bird sits on a tree branch in an exhibit.,36026
112634,coco-30k,A giraffe walking around in a fenced area in a zoo.,85339
272131,coco-30k,A train driving along the train tracks in the day.,56600
88286,coco-30k,a person on a skate board getting pushed by someone else ,10173
17273,coco-30k,a male is typing on a laptop and there is also a paper and a cellphone on the table,23993
551952,coco-30k,A white truck filled with motorcycle on it's flatbed.,57549
78892,coco-30k,A passenger train that is going over a bridge.,55480
43851,coco-30k,A Siamese cat sitting on a bed it's reflection in a mirror.,80348
226957,coco-30k,A brown and white cat on carpet with wall in background.,32785
160089,coco-30k,An elderly couple view the trees from a bench by the lake.,34033
111259,coco-30k,A group of people riding a raft down a rapid river.,30945
158372,coco-30k,a little blue over night bag on a counter,76075
103030,coco-30k,Two tables filled with food under a red tent.,59214
292622,coco-30k,An empty park bench covered in graffiti with an old homeless man sleeping on it.,46775
465893,coco-30k,there is a train that is coming down the tracks on the train ,47938
453860,coco-30k,A couple of pieces of very nice looking luggage.,35835
548296,coco-30k,a close up of a giraffe and a zebra in a field near trees,4845
233882,coco-30k,A small red plane sitting on top of an airport tarmac.,47582
399570,coco-30k,A man and a woman eating lunch outside while sitting under a large umbrella.,59359
546388,coco-30k,A man standing next to a red motorcycle next to a orange van.,23575
27917,coco-30k,A road sign next to a car in a city,38159
338067,coco-30k,A construction sign sitting in the middle of a road.,2835
52233,coco-30k,Two people having a conversation while holding red umbrellas.,47358
125936,coco-30k,People in a grocery story that sells fruit and drinks.,2567
518203,coco-30k,A large passenger jet taking off from an airport runway.,35658
231685,coco-30k,A bird walking along a beach with a rock it its mouth.,1507
253835,coco-30k,A woman and a small child watch a train as it passes.,3114
82821,coco-30k,Paddle boats parked at the edge of a river or lake ,37794
5724,coco-30k,The plate full of food is sitting on the table.,52078
448365,coco-30k,"Youngster on a skateboard, trying simple tip up stunt.",1530
465878,coco-30k,a surfer catching a gnarly wave in the swell,70856
490629,coco-30k,A street scene with many people on motorbikes. ,13779
219820,coco-30k,A small boat is going down the river in front of colorful trees.,63814
365099,coco-30k,A man riding a snowboard down a snow covered slope.,80335
810,coco-30k,a sandwich in a plastic food basket on a table,40515
9813,coco-30k,A woman guiding a horse that is pulling a carriage,75198
534122,coco-30k,A man in white swim trunks preparing to go in the water.,11662
377005,coco-30k,A cat laying on top of a wooden shelf with boxes.,36867
560143,coco-30k,A woman is hitting the ball with a tennis racket on the tennis court. ,63083
397693,coco-30k,some bananas with some stickers and red ends,84106
91263,coco-30k,A woman making sandwiches on a kitchen counter top.,29511
358191,coco-30k,a bath room with two sinks a large mirror a bath tub,99274
107800,coco-30k,a blue and yellow train and some people and a building,97793
328026,coco-30k,A man puts neck ties up on a display.,43505
368727,coco-30k,Post with numerous traffic signs in large city setting.,82295
578522,coco-30k,A crossroads sign with a car parked nearby. ,32975
515854,coco-30k,A group of people boarding a passenger jet up stairs.,57591
300972,coco-30k,three people on a gravel ground playing frisbee,69014
330611,coco-30k,A red-shirted skater doing tricks in a skate park.,96825
428125,coco-30k,four scenes with each showing a smiley face doll,45582
180580,coco-30k,Broccoli and other vegetables are in a tray on the table. ,49772
268770,coco-30k,there are many rocks on the side of this road,94164
94376,coco-30k,A large black and brown dog sitting in  a dog bead.,25136
310618,coco-30k,A cow attempting to get water from a leaking pipe.,49640
346589,coco-30k,A man that is on his knees with a snowboard.,92024
156126,coco-30k,A fighter jet flying through a cloudy sky.,88370
363875,coco-30k,A man that is sitting on a moped.,89481
421206,coco-30k,The black and white cat lies next to a pair of sneakers.,8652
243491,coco-30k,A collection of military airplanes sit in a hanger for display.,12996
529344,coco-30k,Two men riding horses near a wooden fence.,20614
116017,coco-30k,Two well dressed standing together while on writes a note.,44899
433044,coco-30k,a close up of a plate of food with broccoli ,29456
46077,coco-30k,a motor bike carrying very many people on the street,14926
274451,coco-30k,Several people are standing on a city street.,14755
343466,coco-30k,An empty kitchen in a house with a window in the corner.,24172
11625,coco-30k,A woman about to catch a frisbee on a beach.,55698
276195,coco-30k,A giraffe in a grassy field near a hill.,81014
175356,coco-30k,A team is playing baseball in a field.,85338
30667,coco-30k,Dog lying on bottom of enclosed area with people.,72275
82933,coco-30k,A brown cow standing on a field with long horns.,49917
94940,coco-30k,A red vase sitting on top of a glass table.,27956
293468,coco-30k,"A yellow, red, and silver train makes its way to the loading platform.",23436
156889,coco-30k,People on a boat with two males under an umbrella.,79932
549780,coco-30k,A purple gloved hand holds out a hot dog bun that has chili on it.,96680
306582,coco-30k,A group of cows standing next to a  line of laundry drying.,77364
358195,coco-30k,A little girl wearing pajamas is riding on a skateboard.,93907
398792,coco-30k,Two giraffes grazing from feeder next to trees.,81820
52386,coco-30k,A giraffe grazing in pen next to a tree trunk.,46625
229295,coco-30k,A woman standing on a boat squirting mustard on a hot dog held by a man standing on another boat,39534
149252,coco-30k,Two zebras in the standing next to each other rubbing noses.,89895
458613,coco-30k,Two cars driving down a street next to a green bus.,41940
354321,coco-30k,two long horned steers on the prairie enjoying themselves,78702
485027,coco-30k,A tennis player is serving a tennis ball.,1495
84018,coco-30k,A photo of a skinny road between buildings.,60186
183701,coco-30k,Three giraffes are feeding from white buckets that are hanging from a fence.,67551
265313,coco-30k,Two cat lying on a floor playing with each other,277
84749,coco-30k,A cat curled up in the shade on a door stoop.,30259
330037,coco-30k,Three dogs of different colors laying on top of the sofa. ,24990
152870,coco-30k,A giraffe standing on a grass covered field.,89949
326667,coco-30k,a white bird flies low over the water,76831
22371,coco-30k,a man sitting at a desk in front of a laptop computer,47886
495419,coco-30k,This is a cup full of toothbrushes with a tube of toothpaste nearby.,36169
557107,coco-30k,A beautiful woman laying on top of a bed in lingerie.,8280
84474,coco-30k,A boat dock with two planes floating on the water.,62302
359136,coco-30k,A young woman is lying on a bathroom floor with her legs on the bathtub. ,6011
29056,coco-30k,A sign for a state fair is under a street sign.,10277
189245,coco-30k,View of a snow capped mountain above trees and a bench.,88028
439398,coco-30k,A toilet in a bathroom with other bathroom accessories. ,30762
443453,coco-30k,A woman in a blue outfit holding a tennis racquet.,98898
131942,coco-30k,there is a young boy eating a candy and taking a picture,66464
69496,coco-30k,A plate full of food is ready to be eaten.,77607
101948,coco-30k,A man in glasses is adjusting his tie.,51220
569849,coco-30k,A goat stands in front of a man poorly dressed.,11148
186036,coco-30k,a person on the back of a parked truck,64005
134503,coco-30k,"A canoe in water, with one person swimming.",31267
554340,coco-30k,A half eaten doughnut sitting in the middle of a street.,61007
359442,coco-30k,A set of five train tracks in front of a graffiti covered wall.,91144
440354,coco-30k,The fire hydrant next to plants is painted silver. ,78783
10386,coco-30k,Guy takes a picture with his back to the river and mountains,57983
497021,coco-30k,Yellow 'DIP' sign along a small town street.,92685
370315,coco-30k,A person working in an office is talking on cellphone.,84811
140545,coco-30k,Large spread of many different kinds of food.,5155
181586,coco-30k,A black and white cat sits near a window looking outside.,44024
280761,coco-30k,A girl in a red dress working on a laptop.,83965
34257,coco-30k,A market display case filled with different colored vegetables.,21870
262686,coco-30k,A man pointing at some food on a trey.,53071
156102,coco-30k,A man petting his dog on a boat. ,80693
267940,coco-30k,A ferry the is pulling into the dock for off loading. ,51428
550713,coco-30k,A brown dog standing on top of a bed,40717
171753,coco-30k,An orange cat sitting on top of a white bench next to a bike.,27522
234572,coco-30k,A person on a skateboard on the edge of a ramp.,7025
281017,coco-30k,"A bathroom with a sink, toilet and bathtub.",18236
571564,coco-30k,A tennis player is holding his racket and waiting for the ball.,14233
136938,coco-30k,A tray containing five different flavors of donuts.,86544
255096,coco-30k,A large jetliner sitting on top of an airport tarmac.,3685
511554,coco-30k,A woman posing behind several bunches of bananas,23127
337987,coco-30k,Colorful bird sitting on a branch of a tree.,17747
376603,coco-30k,A birthday cake that depicts a small mountain with cars driving up it.,75913
15260,coco-30k,A cake cover is made to look like a wire birdcage. ,91445
41119,coco-30k,A traffic light at an intersection with a skyscraper in the background.,47721
401384,coco-30k,Signs at a resort pointing in many directions,96281
368117,coco-30k,A couple of traffic lights sitting under a cloudy sky.,50668
65465,coco-30k,A mother elephant bumping her trunk against her baby's forehead.,5774
4395,coco-30k,A man in a shirt and tie motioning with his hand.,88825
196995,coco-30k,A large brown bear laying on top of a giant rock.,37971
48044,coco-30k,a person sitting at a table with a laptop,321
71215,coco-30k,A family riding on a horse and buggy ride near the White House.,24816
98141,coco-30k,a person riding a horse with trees in the back ground,78639
100098,coco-30k,A woman on a brown and white horse rides near trees.,37201
431199,coco-30k,A phone that is laying next to a stocking cap.,24269
363134,coco-30k,A man standing outside of a green train.,56821
307480,coco-30k,An orange tree filled with oranges next to a building.,16982
562592,coco-30k,A person that is driving on the street.,90309
175469,coco-30k,A couple of boats floating on top of a body of water.,88523
151808,coco-30k,a train is passing a lake by a mountain,99548
566920,coco-30k,A cooked italian pie is on round white plate on the table with silver spoons and forks randomly scattered around it.,18249
48185,coco-30k,A clean bathroom with black marble counter top.,32965
117543,coco-30k,A large commercial aircraft flying in the sky,31042
440400,coco-30k,A woman is standing on the sidewalk with an umbrella.,21473
152886,coco-30k,A black and white image of a woman catching a bird,30785
369776,coco-30k,A traffic sign sitting next to a sidewalk on a street.,91779
205782,coco-30k,A double decker bus sitting on the side of the road.,95939
52507,coco-30k,A person that is going out in the water.,97469
507326,coco-30k,a very old gas pump in a store,87306
219904,coco-30k,A large giraffe standing in front of a lush green wilderness.,67983
387136,coco-30k,a bus with some decorations all over the side of it ,481
123017,coco-30k,a wooden desk outdoors with pink flowers in front of it.,66864
365503,coco-30k,A bath room with an old fashioned looking tub.,62909
186721,coco-30k,there re many people watching a man on a skateboard,20502
474465,coco-30k,A guy reaches for a Frisbee at a beach.,66887
307034,coco-30k,A baby feeding cake to a man with a fork.,21033
507301,coco-30k,A cat sits on an open laptop. ,11003
72833,coco-30k,A person riding a surfboard on a wave in a wet suit.,64159
63958,coco-30k,A young zebra is sniffing the ground in a dusty area.,13068
580029,coco-30k,A traffic light hanging off of a metal pole.,98138
107661,coco-30k,Two men are playing Frisbee together on a field.,66164
109942,coco-30k,A Street sign standing next to a palm tree.,18200
320632,coco-30k,There are several zebras standing close to each other.,57912
494404,coco-30k,A traffic light sitting in the middle of a flooded street.,27199
177069,coco-30k,Man lounging on a boat giving a thumb up.,64582
411840,coco-30k,"Two tennis players, walking in opposite directions in between plays.",64698
297078,coco-30k,there is a male skier that is going down hill in bad weather,84445
221095,coco-30k,"A living area with a desk, laptop and surfboard.",60240
160260,coco-30k,an image of a banana tree in the air,8772
200717,coco-30k,Adult man on grassy field playing disc game.,88717
573853,coco-30k,A pizza with thick crust sitting on top of a pan.,21009
173142,coco-30k,Giraffes standing in and around a cave area.,24649
171809,coco-30k,a close up of a cat laying on a bench,37204
356293,coco-30k,a young female throwing a red Frisbee in a grassy area,38827
382406,coco-30k,A woman is walking a dog in the city.,60951
338452,coco-30k,A bird is standing upright in the water and leaves.,31058
341164,coco-30k,A man who is riding on a skateboard.,32008
329494,coco-30k,Two giraffe standing next to a tree covered hillside.,14392
66336,coco-30k,A woman holding a pink umbrella over her left shoulder.,43871
199133,coco-30k,A table topped with lots of different ingredients for food.,86800
227428,coco-30k,A dog sitting on a couch under a blanket.,1412
278760,coco-30k,A large jetliner flying over a tall building in the sky.,15015
464251,coco-30k,A small red bird perched by a wooden flower box,28173
167240,coco-30k,A vase siting on top of a wooden shelf near a map.,99526
465357,coco-30k,The apples on the table are being peeled.,61841
283028,coco-30k,A small cat is standing near the computer keyboard. ,24370
523217,coco-30k,Two people are cutting into a cake at a celebration.,55417
384242,coco-30k,I think that the sport that the guy is doing is called windsurfing.,28147
565391,coco-30k,A jeep with a dead bird on the windshield.,306
288762,coco-30k,"A square plate of carrots, spinach and more.",86559
83768,coco-30k,a laptop sitting in a chair next to a big tv,79638
158292,coco-30k,A group of women cooking in a restaurant kitchen.,93256
513724,coco-30k,People stand and look at a real painted elephant.,92545
132776,coco-30k,A man riding an elephant in the jungle.,41806
87328,coco-30k,A girl sits on a pillow thinking and writing into a notebook.,75040
510449,coco-30k,A brown bear walking in an open area.,2372
369840,coco-30k,A group of man riding a skateboard down a street.,17962
154884,coco-30k,MAN STANDING NEAR TABLE WITH A BASKET OF APPLES,59082
145751,coco-30k,A man sitting at a table wearing a shirt and tie smiling.,25624
534271,coco-30k,Several different pots place on a stone floor.,39907
79356,coco-30k,A group of people riding on the back of an elephant.,782
531970,coco-30k,A red fire hydrant mounted to the side of a building.,46526
474003,coco-30k,A bathroom with outdated fixtures and a clothes hamper in the middle of the floor.,97153
441156,coco-30k,Men on a safari with an elephant and photo equipment.,55915
523782,coco-30k,A cardinal perches on the side window mirror of a parked sedan.,614
517548,coco-30k,A charming country bathroom includes a hotel style wall hung blowdryer.,61528
128939,coco-30k,a car is stopped in the street for people to cross,77456
78060,coco-30k,A man and young child stand in the snow giving thumbs up.,48527
560025,coco-30k,A toilet that has a Harry Potter themed lid.,46809
230056,coco-30k,A flock of birds walking along a beach near water.,55108
176519,coco-30k,A man standing in the ocean next to a young child.,87774
147979,coco-30k,a man on a motorcycle that is in some grass,44315
334416,coco-30k,A child standing in a room with various paintings and a bed.,35028
241129,coco-30k,Two hot women laying in bed together next to pillows.,94490
305004,coco-30k,A young man riding a white surfboard on top of a wave.,23765
358982,coco-30k,A small child wears a helmet while riding a skateboard,80281
137085,coco-30k,Three pedestal plates holding oranges on a table.,15582
174004,coco-30k,A yellow work truck parked in tall grass.,1671
393478,coco-30k,The green and yellow train is rounding the bend of a track.,50239
314328,coco-30k,A clean white toilet in a stall with a chrome toilet brush.,72356
370929,coco-30k,a silver and black train on its track and a red light,14360
557672,coco-30k,A woman walking down a street holding an orange umbrella.,32441
440900,coco-30k,A her of black and white cattle standing on a field.,94588
506540,coco-30k,A giraffe standing next to a palm tree.,15388
176696,coco-30k,A white plate topped with a couple of donuts.,22605
83844,coco-30k,a sign a street a green car and a person with a black umbrella,54338
499226,coco-30k,A cat laying in a chair next to two remote controls.,40997
158084,coco-30k,A child's train traveling down tracks with lots of children riding on it.,88203
483447,coco-30k,A can laying in a sink drinking water from the tap.,53478
576966,coco-30k,A group of raft boats sitting on a river side.,70330
266400,coco-30k,a row of motorcycles parked on a city street,28502
345618,coco-30k,A picture of some food on a plate.,24096
520659,coco-30k,A white tent with a row of surfboards sitting under it.,51946
78865,coco-30k,A railroad train passing a field of cows,55797
258141,coco-30k,A man laying on top of a bed inside of a train room.,62919
258702,coco-30k,A rainy day at the bus station in the old section of town. ,45290
471641,coco-30k,A smiling man in a nice hat in a car.,83883
231831,coco-30k,A black and white cat sitting on top of a chair.,2681
158563,coco-30k,A man standing next to a yellow fire hydrant.,94397
268710,coco-30k,Two zebras are standing together side by side.,29472
475923,coco-30k,A black and white dog sleeps in front of a blue door.,99158
314541,coco-30k,A large green field with a bench in the foreground.,81871
318415,coco-30k,An old brick building along side of a river,12107
166521,coco-30k,A room that has two televisions in it.,6913
174887,coco-30k,"close up of a microwave, oven, and a range",52456
264599,coco-30k,A crowded city street with lots of people walking around.,85110
252459,coco-30k,A picture of a window opened and something on it. ,27580
546164,coco-30k,Two zebras in the dirt by a group of trees,15767
200324,coco-30k,A red stop sign with a white street sign posted under it.,79856
160276,coco-30k,A car parked before a red traffic light.,91989
74789,coco-30k,A silver train passing under high beams and trees.,37306
78522,coco-30k,A sheep standing in the middle of a field.,8579
194158,coco-30k,A tour bus downtown with yoga ads all over it.,32785
141197,coco-30k,a woman is standing in a room taking a picture of herslf,89631
319285,coco-30k,A bathroom with a bathtub sitting next to a toilet.,82937
155974,coco-30k,A gray cat on top of a fridge with some foodstuffs,84969
406426,coco-30k,a close up of many different vegetables on a table,20684
388643,coco-30k,an aerial view from a planes window of clouds and a sunset,77190
374947,coco-30k,a stop sign altered so it says 'stop hammer time',80761
198768,coco-30k,A man with a tennis ball in one hand and a tennis racket in the other.,63003
93735,coco-30k,A bunch of kids skateboarding off of various objects in a skate park.,2275
129707,coco-30k,A person holding an old phone showing it to the camera.,22779
541813,coco-30k,A chair sitting under a picture hanging on a  wall.,82411
468736,coco-30k,A close-up of a plate of pasta and meat with a piece of broccoli.,44847
495088,coco-30k,A bird is flying over some rocky water.,57390
181488,coco-30k,A room filled with wooden furniture and white walls.,31201
42492,coco-30k,A kitchen with a center stove top island.,96523
88748,coco-30k,A water fountain sitting in the middle of a lot of green plants.,87533
435751,coco-30k,Benches on a beach being washed over by waves.,45314
69944,coco-30k,"a red, blue and tour bus with people standing outside of them",60601
102589,coco-30k,Five doughnuts are left in the open box.,22828
52996,coco-30k,A group of women in military outfits helping other women in a kitchen.,99809
459575,coco-30k,A white polar bear standing on top of a rocky mountain.,14777
376278,coco-30k,A zebra is lying on the ground with other zebras.,57486
566470,coco-30k,A sandy area with two boats and a cloudy background.,32982
308785,coco-30k,A silver passenger train traveling down train tracks near a field.,85402
107405,coco-30k,A plate topped with two pieces of cake and strawberry.,12704
549225,coco-30k,A group of horsss running around a field.,45399
163258,coco-30k,A white toilet sitting in a bathroom next to a wall.,33914
472375,coco-30k,A small black and brown dog sitting next to a motorcycle.,40497
571931,coco-30k,A group of three young men holding an umbrella.,38293
26176,coco-30k,A person is walking through the snow on skis.,14249
99067,coco-30k,A person sitting at a table with a carrot.,78470
303210,coco-30k,Two skateboarders performing a trick on a ramp.,30447
546222,coco-30k,A man with a beard is close to a farm animal.,84683
313783,coco-30k,"A plate of food featuring burger patties, potatoes and carrots. ",53340
369470,coco-30k,A bunch of cars that are parked in front of coin meters.,82868
136920,coco-30k,"A bathroom with a sink, toilet, and window.",67062
94538,coco-30k,Three elephants and a zebra standing outdoors together.,17017
524533,coco-30k,"An open roofed, double-decker tour bus displaying a vivid ad across one side enters a downtown intersection.",92823
76107,coco-30k,A small boat in the ocean with four seagulls standing on it.,4205
209015,coco-30k,A large giraffe sticking its head into a vehicle.,10263
418251,coco-30k,A painting of a yellow train car sitting on train tracks.,75741
225405,coco-30k,Two boys are playing with a soccer ball.,49761
374629,coco-30k,A brown and white cow standing in the middle of a gravel path.,65180
489909,coco-30k,"A crate with cucumbers, oranges and a banana in it. ",60535
259056,coco-30k,a man flying through the air while riding a snowboard.,90349
192457,coco-30k,A donut on a plate with a fork and knife.,58928
521133,coco-30k,THERE ARE TWO PUG DOGS THAT ARE SITTING ON THE BENCH ,99978
516641,coco-30k,a small cup of oats revolution oatmeal with apples,41360
269033,coco-30k,A person with a skateboard on a street.,19699
219655,coco-30k,a big blue truck sitting on the snow next to some trees ,94345
153578,coco-30k,A woman walking down a street topless holding an umbrella.,92970
86320,coco-30k,A bathroom sink sitting under a large mirror.,86673
347695,coco-30k,A blonde woman adjusting a mans neck tie.,18694
316112,coco-30k,A huge group of scattered out sheep are in the field. ,41701
190156,coco-30k,A black and white cat eating out of a white coffee cup.,33389
109924,coco-30k,The cake is in the shape of a long train. ,93443
354098,coco-30k,This toilet has a lot of wadded up tissue paper in it.,4382
321543,coco-30k,A pan filled with broccoli and beef and oil.,25018
344410,coco-30k,A couple of men that are standing in the grass with a frisbee.,34624
122051,coco-30k,a couple of buildings that has some cars outside of them,95651
438077,coco-30k,A man standing next to two black cows in a field,36916
375509,coco-30k,A laptop computer sitting on top of a desk near a monitor.,53589
276638,coco-30k,People riding snowboards down a snow covered road.,56067
475710,coco-30k,An airplane at the gate in an airport. ,63318
137619,coco-30k,This is a bird looking in the direction of a tree. ,37399
283268,coco-30k,A white plate topped with a toy hot dog in a toy bun.,22175
223746,coco-30k,A man standing in a bathroom not wearing a shirt.,68867
308388,coco-30k,Traffic drives down a street on a green light passed tall buildings.,2994
319469,coco-30k,A couple of brown and white cows standing on a  field of grass.,31966
447991,coco-30k,A small bus driving down a street next to a sidewalk.,80079
188136,coco-30k,Table with water pitchers and bowls of fruit against the wall in huge kitchen,89400
349622,coco-30k,A man is skateboarding up a ramp in a skatepark. ,75126
521348,coco-30k,A squinting dog on a brick patio sniffs a cup of coffee.,33539
528404,coco-30k,A picture of a train coming out of a house.,32434
276720,coco-30k,An empty street with brick buildings and cars.,19410
278290,coco-30k,To men in cloaks ride skateboards down the sidewalk.,8983
110330,coco-30k,a crowd of people getting on a  tour bus ,83591
287874,coco-30k,A passenger train travels down the tracks at a stop.,12291
143387,coco-30k,The skier in the helmet moves through thick snow.,88337
507037,coco-30k,a gathering outside on the lawn of city hall,75092
486770,coco-30k,people gathered around a table getting slices of pizza.,91994
425522,coco-30k,A pile of luggage sitting inside of a building next to a bench.,73504
441323,coco-30k,"A figurine of a chicken wearing a chain-mail helmet, a pink greeting card, and a pile of oranges.",35298
484551,coco-30k,THERE IS A PERSON THAT IS SITTING IN THE BOAT ON THE WATER,69637
410932,coco-30k,A red stop sign sitting on the side of a road.,99201
489339,coco-30k,A woman is wearing a wetsuit while holding a surfboard.,86590
503765,coco-30k,Two vintage cars are parked at a car show.,36271
539453,coco-30k,People watch an ultimate frisbee game in the park. ,11516
422522,coco-30k,some people are watching two people playing tennis,98265
545293,coco-30k,A single park bench is by small trees.,62601
392985,coco-30k,An elephant stands in front of a watering hole in his habitat.,60471
114790,coco-30k,A small child standing with a toothbrush in hand.,18189
344881,coco-30k,A cat sitting on a chair in a room.,43047
190362,coco-30k,A person pushing a cart with luggage on it.,82743
234963,coco-30k,A rural city has some food trucks on the corner.,59375
285929,coco-30k,Two animals are walking through the tall grass of the woods.,21112
257996,coco-30k,The unfinished room has tools and construction materials scattered about.  ,57183
526030,coco-30k,A kitchen has a stove with cupcakes on top of it.,81974
308828,coco-30k,A street sign sitting on the side of a road next to a tall brick building.,53607
160703,coco-30k,A table topped with two pizzas covered in sauce and toppings.,74816
125645,coco-30k,A group of buses sitting in a rural area.,43033
138549,coco-30k,A white plate on top of a table covered in food.,44661
383185,coco-30k,Several condiments on a tray in a kitchen.,87145
288955,coco-30k,Shaggy dog gets dinner served on a plate.,96966
301837,coco-30k,"A long empty, minimal modern skylit home kitchen.",65989
402410,coco-30k,A person jumping down a snowy hill on a snowboard.,45144
342387,coco-30k,A group of people preparing food in a kitchen.,34982
227960,coco-30k,A mostly empty dish of brussel sprouts and carrots.,3340
201420,coco-30k,A group of giraffe standing next to each other,63570
349486,coco-30k,An elephant scraping up a large tree with its tusks.,90374
423984,coco-30k,A white plate topped with pasta and vegetables surrounded by garlic bread.,78003
242679,coco-30k,"A seat under a mirror onboard a train, next to a cluttered counter.",15400
548464,coco-30k,A green traffic signal at an intersection in a town.,92182
519094,coco-30k,A grey and white cat next to a blanket and shelf with blue bottle.,90813
170716,coco-30k,"The girl is cutting pizza in her kitchen, the melted cheese clinging  to the knife.",84398
168580,coco-30k,A person sitting on a motor bike on a street.,44171
46463,coco-30k,A hand holding a sandwich above a plate.,58777
526371,coco-30k,a person with a hat and some ski poles,33636
513809,coco-30k,Two cows that are together in a field.,92558
194786,coco-30k,there is a man that is throwing a frisbee between his legs,26122
449921,coco-30k,"An old photograph of three baseball players, one with a bat.",861
5356,coco-30k,A passenger plane that is parked on the runway.,53903
355756,coco-30k,a store sits in front of a fire hydrant ,18958
153013,coco-30k,A boy touches a frog on an orange Frisbee.,20894
222879,coco-30k,a truck is parked at a campground with snow on it,67912
355228,coco-30k,A small white mouse sleeping on top of a remote control.,78415
285597,coco-30k,The shelve has a lot of donuts on it ,4949
299548,coco-30k,A train is pulling into the train station. ,4279
254965,coco-30k,Two giraffe standing and sitting next to each other.,62705
363654,coco-30k,A fire hydrant buried in a pile of snow next to a run down building.,86527
451877,coco-30k,A small plain looking rest room with a tub and toilet.,2898
150208,coco-30k,"A dinner table with salad, pizza and wine on it",22623
358019,coco-30k,A baseball player throwing a baseball on a field.,50043
538423,coco-30k,a close up of a bird with a blurry background,97069
516476,coco-30k,A bus driving down a street next to a white van.,9085
569096,coco-30k,an elephant walks alone through some bushy grassland,60409
134542,coco-30k,"A newspaper covered in candy, fruit and goodies.",46664
209757,coco-30k,A man on a skateboard on a ledge.,48271
523819,coco-30k,a stop sign a white and green street sign and some trees,24596
269918,coco-30k,a man and a cat lying on a couch,57952
551383,coco-30k,The person on a bike is under an umbrella to protect herself from the rain.,67949
42534,coco-30k,"""Head shot"" of a zebra against a stark background.",72639
498994,coco-30k,A piece of luggage filled with clothing and materials.,85682
127702,coco-30k,A man hiking through a snow covered forest ,93108
221547,coco-30k,a couple on a subway looks at each other,85826
252008,coco-30k,A zebra standing on top of a lush green field.,90046
522782,coco-30k,A triple screen computer set up on a desk next to a bed,84708
236338,coco-30k,Many elephants being paraded through an area of spectators.,95901
402528,coco-30k,A jar of mustard next to a small plate of a sandwich,13711
