lora_name,image,prompt,model_file,lora_type
backpack,/shark/zhiwen/LoRAHunter/DiffSynth-Studio/data/dreambooth-main/dataset/backpack/00.jpg,Girl with Red backpack,obj_lora/backpack/epoch-4.safetensors,obj
backpack,/shark/zhiwen/LoRAHunter/DiffSynth-Studio/data/dreambooth-main/dataset/backpack/01.jpg,Woman with Red backpack against cloudy sky,obj_lora/backpack/epoch-4.safetensors,obj
backpack,/shark/zhiwen/LoRAHunter/DiffSynth-Studio/data/dreambooth-main/dataset/backpack/02.jpg,"Red backpack with patches on rock, mountains in background.",obj_lora/backpack/epoch-4.safetensors,obj
backpack,/shark/zhiwen/LoRAHunter/DiffSynth-Studio/data/dreambooth-main/dataset/backpack/03.jpg,Red backpack with patches in forest.,obj_lora/backpack/epoch-4.safetensors,obj
backpack,/shark/zhiwen/LoRAHunter/DiffSynth-Studio/data/dreambooth-main/dataset/backpack/04.jpg,Red backpack hanging on mossy log in forest.,obj_lora/backpack/epoch-4.safetensors,obj
backpack,/shark/zhiwen/LoRAHunter/DiffSynth-Studio/data/dreambooth-main/dataset/backpack/05.jpg,Red backpack with patches hanging on tree branch.,obj_lora/backpack/epoch-4.safetensors,obj
backpack_dog,/shark/zhiwen/LoRAHunter/DiffSynth-Studio/data/dreambooth-main/dataset/backpack_dog/00.jpg,Cute dog-themed backpack by window.,obj_lora/backpack_dog/epoch-4.safetensors,obj
backpack_dog,/shark/zhiwen/LoRAHunter/DiffSynth-Studio/data/dreambooth-main/dataset/backpack_dog/01.jpg,Dog-themed backpack by window with city view.,obj_lora/backpack_dog/epoch-4.safetensors,obj
backpack_dog,/shark/zhiwen/LoRAHunter/DiffSynth-Studio/data/dreambooth-main/dataset/backpack_dog/02.jpg,Cute dog-themed backpack on wooden table,obj_lora/backpack_dog/epoch-4.safetensors,obj
backpack_dog,/shark/zhiwen/LoRAHunter/DiffSynth-Studio/data/dreambooth-main/dataset/backpack_dog/03.jpg,Dog-themed backpack on fence in park,obj_lora/backpack_dog/epoch-4.safetensors,obj
backpack_dog,/shark/zhiwen/LoRAHunter/DiffSynth-Studio/data/dreambooth-main/dataset/backpack_dog/04.jpg,Dog-themed backpack on grass,obj_lora/backpack_dog/epoch-4.safetensors,obj
bear_plushie,/shark/zhiwen/LoRAHunter/DiffSynth-Studio/data/dreambooth-main/dataset/bear_plushie/00.jpg,"bear plushie with ""Get Well"" bandage sits on rock.",obj_lora/bear_plushie/epoch-4.safetensors,obj
bear_plushie,/shark/zhiwen/LoRAHunter/DiffSynth-Studio/data/dreambooth-main/dataset/bear_plushie/01.jpg,"bear plushie with blue bow and ""Get Well"" bandage, by water.",obj_lora/bear_plushie/epoch-4.safetensors,obj
bear_plushie,/shark/zhiwen/LoRAHunter/DiffSynth-Studio/data/dreambooth-main/dataset/bear_plushie/02.jpg,"Brown bear plushie with blue bow and ""Get Well"" bandage.",obj_lora/bear_plushie/epoch-4.safetensors,obj
bear_plushie,/shark/zhiwen/LoRAHunter/DiffSynth-Studio/data/dreambooth-main/dataset/bear_plushie/03.jpg,"Brown bear plushie with blue bow, ""Get Well"" tag, on grass.",obj_lora/bear_plushie/epoch-4.safetensors,obj
bear_plushie,/shark/zhiwen/LoRAHunter/DiffSynth-Studio/data/dreambooth-main/dataset/bear_plushie/04.jpg,"Brown bear plushie with blue hat and ""Get Well"" bandage.",obj_lora/bear_plushie/epoch-4.safetensors,obj
berry_bowl,/shark/zhiwen/LoRAHunter/DiffSynth-Studio/data/dreambooth-main/dataset/berry_bowl/00.jpg,Blueberries in a berry bowl,obj_lora/berry_bowl/epoch-4.safetensors,obj
berry_bowl,/shark/zhiwen/LoRAHunter/DiffSynth-Studio/data/dreambooth-main/dataset/berry_bowl/01.jpg,White berry bowl with blueberries,obj_lora/berry_bowl/epoch-4.safetensors,obj
berry_bowl,/shark/zhiwen/LoRAHunter/DiffSynth-Studio/data/dreambooth-main/dataset/berry_bowl/02.jpg,Blueberries in a berry bowl,obj_lora/berry_bowl/epoch-4.safetensors,obj
berry_bowl,/shark/zhiwen/LoRAHunter/DiffSynth-Studio/data/dreambooth-main/dataset/berry_bowl/03.jpg,Blueberries in a berry bowl on white fabric.,obj_lora/berry_bowl/epoch-4.safetensors,obj
berry_bowl,/shark/zhiwen/LoRAHunter/DiffSynth-Studio/data/dreambooth-main/dataset/berry_bowl/04.jpg,White berry bowl with blueberries,obj_lora/berry_bowl/epoch-4.safetensors,obj
berry_bowl,/shark/zhiwen/LoRAHunter/DiffSynth-Studio/data/dreambooth-main/dataset/berry_bowl/05.jpg,Blueberries in a berry bowl on white fabric.,obj_lora/berry_bowl/epoch-4.safetensors,obj
can,/shark/zhiwen/LoRAHunter/DiffSynth-Studio/data/dreambooth-main/dataset/can/00.jpg,Transatlantic IPA can with whale design,obj_lora/can/epoch-4.safetensors,obj
can,/shark/zhiwen/LoRAHunter/DiffSynth-Studio/data/dreambooth-main/dataset/can/01.jpg,Transatlantic IPA can on rock,obj_lora/can/epoch-4.safetensors,obj
can,/shark/zhiwen/LoRAHunter/DiffSynth-Studio/data/dreambooth-main/dataset/can/02.jpg,"Transatlantic IPA can on ice, whale design.",obj_lora/can/epoch-4.safetensors,obj
can,/shark/zhiwen/LoRAHunter/DiffSynth-Studio/data/dreambooth-main/dataset/can/03.jpg,Blue beer can with whale design on ice.,obj_lora/can/epoch-4.safetensors,obj
can,/shark/zhiwen/LoRAHunter/DiffSynth-Studio/data/dreambooth-main/dataset/can/04.jpg,Transatlantic IPA can and glass on wooden table.,obj_lora/can/epoch-4.safetensors,obj
can,/shark/zhiwen/LoRAHunter/DiffSynth-Studio/data/dreambooth-main/dataset/can/05.jpg,Beer glass and can on rock by water.,obj_lora/can/epoch-4.safetensors,obj
candle,/shark/zhiwen/LoRAHunter/DiffSynth-Studio/data/dreambooth-main/dataset/candle/00.jpg,Candle jar on rock in garden,obj_lora/candle/epoch-4.safetensors,obj
candle,/shark/zhiwen/LoRAHunter/DiffSynth-Studio/data/dreambooth-main/dataset/candle/01.jpg,White Candle jar with wooden lid on green table,obj_lora/candle/epoch-4.safetensors,obj
candle,/shark/zhiwen/LoRAHunter/DiffSynth-Studio/data/dreambooth-main/dataset/candle/02.jpg,White Candle jar with wooden lid on grass,obj_lora/candle/epoch-4.safetensors,obj
candle,/shark/zhiwen/LoRAHunter/DiffSynth-Studio/data/dreambooth-main/dataset/candle/03.jpg,Candle jar with wooden lid on grass near tree,obj_lora/candle/epoch-4.safetensors,obj
candle,/shark/zhiwen/LoRAHunter/DiffSynth-Studio/data/dreambooth-main/dataset/candle/04.jpg,"Candle jar with wooden lid on concrete, brick wall background",obj_lora/candle/epoch-4.safetensors,obj
cat,/shark/zhiwen/LoRAHunter/DiffSynth-Studio/data/dreambooth-main/dataset/cat/00.jpg,"Orange cat resting in sunlight, surrounded by foliage.",obj_lora/cat/epoch-4.safetensors,obj
cat,/shark/zhiwen/LoRAHunter/DiffSynth-Studio/data/dreambooth-main/dataset/cat/01.jpg,Orange cat sitting in grassy area,obj_lora/cat/epoch-4.safetensors,obj
cat,/shark/zhiwen/LoRAHunter/DiffSynth-Studio/data/dreambooth-main/dataset/cat/02.jpg,A Orange cat sits alertly in the shade.,obj_lora/cat/epoch-4.safetensors,obj
cat,/shark/zhiwen/LoRAHunter/DiffSynth-Studio/data/dreambooth-main/dataset/cat/03.jpg,A Orange cat sits alert in a dimly lit forest.,obj_lora/cat/epoch-4.safetensors,obj
cat,/shark/zhiwen/LoRAHunter/DiffSynth-Studio/data/dreambooth-main/dataset/cat/04.jpg,Orange cat with green eyes.,obj_lora/cat/epoch-4.safetensors,obj
cat2,/shark/zhiwen/LoRAHunter/DiffSynth-Studio/data/dreambooth-main/dataset/cat2/00.jpg,Gray cat with green eyes sitting on floor,obj_lora/cat2/epoch-4.safetensors,obj
cat2,/shark/zhiwen/LoRAHunter/DiffSynth-Studio/data/dreambooth-main/dataset/cat2/01.jpg,Gray cat with green eyes resting on floor.,obj_lora/cat2/epoch-4.safetensors,obj
cat2,/shark/zhiwen/LoRAHunter/DiffSynth-Studio/data/dreambooth-main/dataset/cat2/02.jpg,Gray cat with green eyes resting on bed.,obj_lora/cat2/epoch-4.safetensors,obj
cat2,/shark/zhiwen/LoRAHunter/DiffSynth-Studio/data/dreambooth-main/dataset/cat2/03.jpg,Gray cat sits on white table beside pink tulips.,obj_lora/cat2/epoch-4.safetensors,obj
cat2,/shark/zhiwen/LoRAHunter/DiffSynth-Studio/data/dreambooth-main/dataset/cat2/04.jpg,"Gray cat resting by window, gazing outside.",obj_lora/cat2/epoch-4.safetensors,obj
clock,/shark/zhiwen/LoRAHunter/DiffSynth-Studio/data/dreambooth-main/dataset/clock/00.jpg,Hand holding a yellow clock,obj_lora/clock/epoch-4.safetensors,obj
clock,/shark/zhiwen/LoRAHunter/DiffSynth-Studio/data/dreambooth-main/dataset/clock/01.jpg,Hand holding yellow clock.,obj_lora/clock/epoch-4.safetensors,obj
clock,/shark/zhiwen/LoRAHunter/DiffSynth-Studio/data/dreambooth-main/dataset/clock/02.jpg,Yellow clock with coffee pods.,obj_lora/clock/epoch-4.safetensors,obj
clock,/shark/zhiwen/LoRAHunter/DiffSynth-Studio/data/dreambooth-main/dataset/clock/03.jpg,"Yellow clock on white bedding, showing 9:25.",obj_lora/clock/epoch-4.safetensors,obj
clock,/shark/zhiwen/LoRAHunter/DiffSynth-Studio/data/dreambooth-main/dataset/clock/04.jpg,Yellow clock on knitted fabric,obj_lora/clock/epoch-4.safetensors,obj
clock,/shark/zhiwen/LoRAHunter/DiffSynth-Studio/data/dreambooth-main/dataset/clock/05.jpg,Yellow clock on white bedsheet,obj_lora/clock/epoch-4.safetensors,obj
colorful_sneaker,/shark/zhiwen/LoRAHunter/DiffSynth-Studio/data/dreambooth-main/dataset/colorful_sneaker/00.jpg,Colorful sneaker by water.,obj_lora/colorful_sneaker/epoch-4.safetensors,obj
colorful_sneaker,/shark/zhiwen/LoRAHunter/DiffSynth-Studio/data/dreambooth-main/dataset/colorful_sneaker/01.jpg,Colorful sneaker on asphalt surface,obj_lora/colorful_sneaker/epoch-4.safetensors,obj
colorful_sneaker,/shark/zhiwen/LoRAHunter/DiffSynth-Studio/data/dreambooth-main/dataset/colorful_sneaker/02.jpg,Colorful sneaker on green grass,obj_lora/colorful_sneaker/epoch-4.safetensors,obj
colorful_sneaker,/shark/zhiwen/LoRAHunter/DiffSynth-Studio/data/dreambooth-main/dataset/colorful_sneaker/03.jpg,Colorful sneaker on green bench,obj_lora/colorful_sneaker/epoch-4.safetensors,obj
colorful_sneaker,/shark/zhiwen/LoRAHunter/DiffSynth-Studio/data/dreambooth-main/dataset/colorful_sneaker/04.jpg,Colorful sneaker against brick wall,obj_lora/colorful_sneaker/epoch-4.safetensors,obj
dog,/shark/zhiwen/LoRAHunter/DiffSynth-Studio/data/dreambooth-main/dataset/dog/00.jpg,"Corgi with tongue out, smiling.",obj_lora/dog/epoch-4.safetensors,obj
dog,/shark/zhiwen/LoRAHunter/DiffSynth-Studio/data/dreambooth-main/dataset/dog/01.jpg,"Corgi dog with tongue out, sitting on stone, cherry blossoms background.",obj_lora/dog/epoch-4.safetensors,obj
dog,/shark/zhiwen/LoRAHunter/DiffSynth-Studio/data/dreambooth-main/dataset/dog/02.jpg,"Corgi sitting, tongue out, cherry blossoms background.",obj_lora/dog/epoch-4.safetensors,obj
dog,/shark/zhiwen/LoRAHunter/DiffSynth-Studio/data/dreambooth-main/dataset/dog/03.jpg,"Corgi with fluffy white and brown fur, sitting on a stone ledge.",obj_lora/dog/epoch-4.safetensors,obj
dog,/shark/zhiwen/LoRAHunter/DiffSynth-Studio/data/dreambooth-main/dataset/dog/04.jpg,"Corgi with fluffy fur, smiling outdoors",obj_lora/dog/epoch-4.safetensors,obj
dog2,/shark/zhiwen/LoRAHunter/DiffSynth-Studio/data/dreambooth-main/dataset/dog2/00.jpg,Fluffy Chow Chow dog running on path,obj_lora/dog2/epoch-4.safetensors,obj
dog2,/shark/zhiwen/LoRAHunter/DiffSynth-Studio/data/dreambooth-main/dataset/dog2/01.jpg,Fluffy Chow Chow dog in forest,obj_lora/dog2/epoch-4.safetensors,obj
dog2,/shark/zhiwen/LoRAHunter/DiffSynth-Studio/data/dreambooth-main/dataset/dog2/02.jpg,Fluffy Chow Chow dog resting on steps,obj_lora/dog2/epoch-4.safetensors,obj
dog2,/shark/zhiwen/LoRAHunter/DiffSynth-Studio/data/dreambooth-main/dataset/dog2/03.jpg,Fluffy Chow Chow dog resting,obj_lora/dog2/epoch-4.safetensors,obj
dog2,/shark/zhiwen/LoRAHunter/DiffSynth-Studio/data/dreambooth-main/dataset/dog2/04.jpg,Fluffy Chow Chow dog resting on pavement,obj_lora/dog2/epoch-4.safetensors,obj
dog2,/shark/zhiwen/LoRAHunter/DiffSynth-Studio/data/dreambooth-main/dataset/dog2/05.jpg,Fluffy Chow Chow dog with tongue out on leafy grass.,obj_lora/dog2/epoch-4.safetensors,obj
dog3,/shark/zhiwen/LoRAHunter/DiffSynth-Studio/data/dreambooth-main/dataset/dog3/00.jpg,White fluffy dog standing outdoors.,obj_lora/dog3/epoch-4.safetensors,obj
dog3,/shark/zhiwen/LoRAHunter/DiffSynth-Studio/data/dreambooth-main/dataset/dog3/01.jpg,"White fluffy dog sitting on rocky trail, surrounded by greenery.",obj_lora/dog3/epoch-4.safetensors,obj
dog3,/shark/zhiwen/LoRAHunter/DiffSynth-Studio/data/dreambooth-main/dataset/dog3/02.jpg,White fluffy dog on pebbles near water,obj_lora/dog3/epoch-4.safetensors,obj
dog3,/shark/zhiwen/LoRAHunter/DiffSynth-Studio/data/dreambooth-main/dataset/dog3/03.jpg,White fluffy dog standing on rocky surface.,obj_lora/dog3/epoch-4.safetensors,obj
dog3,/shark/zhiwen/LoRAHunter/DiffSynth-Studio/data/dreambooth-main/dataset/dog3/04.jpg,"White fluffy dog running on rocky shore, person in water.",obj_lora/dog3/epoch-4.safetensors,obj
dog3,/shark/zhiwen/LoRAHunter/DiffSynth-Studio/data/dreambooth-main/dataset/dog3/05.jpg,White fluffy dog with ID tag on bed,obj_lora/dog3/epoch-4.safetensors,obj
dog5,/shark/zhiwen/LoRAHunter/DiffSynth-Studio/data/dreambooth-main/dataset/dog5/00.jpg,Brown dachshund resting on green couch,obj_lora/dog5/epoch-4.safetensors,obj
dog5,/shark/zhiwen/LoRAHunter/DiffSynth-Studio/data/dreambooth-main/dataset/dog5/01.jpg,A dachshund rests on a green couch.,obj_lora/dog5/epoch-4.safetensors,obj
dog5,/shark/zhiwen/LoRAHunter/DiffSynth-Studio/data/dreambooth-main/dataset/dog5/02.jpg,A dachshund resting on a couch.,obj_lora/dog5/epoch-4.safetensors,obj
dog5,/shark/zhiwen/LoRAHunter/DiffSynth-Studio/data/dreambooth-main/dataset/dog5/03.jpg,A long-haired dachshund rests on a gray sofa.,obj_lora/dog5/epoch-4.safetensors,obj
dog5,/shark/zhiwen/LoRAHunter/DiffSynth-Studio/data/dreambooth-main/dataset/dog5/04.jpg,A dachshund sits on a cozy gray blanket.,obj_lora/dog5/epoch-4.safetensors,obj
dog6,/shark/zhiwen/LoRAHunter/DiffSynth-Studio/data/dreambooth-main/dataset/dog6/00.jpg,"Corgi puppy licking nose, orange background",obj_lora/dog6/epoch-4.safetensors,obj
dog6,/shark/zhiwen/LoRAHunter/DiffSynth-Studio/data/dreambooth-main/dataset/dog6/01.jpg,Corgi puppy with big ears on orange background,obj_lora/dog6/epoch-4.safetensors,obj
dog6,/shark/zhiwen/LoRAHunter/DiffSynth-Studio/data/dreambooth-main/dataset/dog6/02.jpg,Corgi puppy sitting on orange background,obj_lora/dog6/epoch-4.safetensors,obj
dog6,/shark/zhiwen/LoRAHunter/DiffSynth-Studio/data/dreambooth-main/dataset/dog6/03.jpg,Corgi puppy with big ears and tongue out on orange background,obj_lora/dog6/epoch-4.safetensors,obj
dog6,/shark/zhiwen/LoRAHunter/DiffSynth-Studio/data/dreambooth-main/dataset/dog6/04.jpg,Corgi puppy with big ears on yellow background,obj_lora/dog6/epoch-4.safetensors,obj
dog7,/shark/zhiwen/LoRAHunter/DiffSynth-Studio/data/dreambooth-main/dataset/dog7/00.jpg,Brown dog with muddy nose in forest,obj_lora/dog7/epoch-4.safetensors,obj
dog7,/shark/zhiwen/LoRAHunter/DiffSynth-Studio/data/dreambooth-main/dataset/dog7/01.jpg,"Brown dog resting on sand, tongue out.",obj_lora/dog7/epoch-4.safetensors,obj
dog7,/shark/zhiwen/LoRAHunter/DiffSynth-Studio/data/dreambooth-main/dataset/dog7/02.jpg,"Brown dog stands on beach, tongue out, ocean behind.",obj_lora/dog7/epoch-4.safetensors,obj
dog7,/shark/zhiwen/LoRAHunter/DiffSynth-Studio/data/dreambooth-main/dataset/dog7/03.jpg,Brown dog running on beach at sunset,obj_lora/dog7/epoch-4.safetensors,obj
dog7,/shark/zhiwen/LoRAHunter/DiffSynth-Studio/data/dreambooth-main/dataset/dog7/04.jpg,Brown dog sitting in purple flowers.,obj_lora/dog7/epoch-4.safetensors,obj
duck_toy,/shark/zhiwen/LoRAHunter/DiffSynth-Studio/data/dreambooth-main/dataset/duck_toy/00.jpg,Yellow rubber duck toy on textured surface,obj_lora/duck_toy/epoch-4.safetensors,obj
duck_toy,/shark/zhiwen/LoRAHunter/DiffSynth-Studio/data/dreambooth-main/dataset/duck_toy/01.jpg,Yellow rubber duck toy on blue surface,obj_lora/duck_toy/epoch-4.safetensors,obj
duck_toy,/shark/zhiwen/LoRAHunter/DiffSynth-Studio/data/dreambooth-main/dataset/duck_toy/02.jpg,Yellow rubber duck toy on gray surface,obj_lora/duck_toy/epoch-4.safetensors,obj
duck_toy,/shark/zhiwen/LoRAHunter/DiffSynth-Studio/data/dreambooth-main/dataset/duck_toy/03.jpg,"Yellow rubber duck toy on rocky shore, ocean in background.",obj_lora/duck_toy/epoch-4.safetensors,obj
grey_sloth_plushie,/shark/zhiwen/LoRAHunter/DiffSynth-Studio/data/dreambooth-main/dataset/grey_sloth_plushie/00.jpg,A grey sloth plushie sitting on grass near tree,obj_lora/grey_sloth_plushie/epoch-4.safetensors,obj
grey_sloth_plushie,/shark/zhiwen/LoRAHunter/DiffSynth-Studio/data/dreambooth-main/dataset/grey_sloth_plushie/01.jpg,"A grey sloth plushie by water, city skyline behind.",obj_lora/grey_sloth_plushie/epoch-4.safetensors,obj
grey_sloth_plushie,/shark/zhiwen/LoRAHunter/DiffSynth-Studio/data/dreambooth-main/dataset/grey_sloth_plushie/02.jpg,A grey sloth plushie sitting on grass,obj_lora/grey_sloth_plushie/epoch-4.safetensors,obj
grey_sloth_plushie,/shark/zhiwen/LoRAHunter/DiffSynth-Studio/data/dreambooth-main/dataset/grey_sloth_plushie/03.jpg,A grey sloth plushie on green wooden bench,obj_lora/grey_sloth_plushie/epoch-4.safetensors,obj
grey_sloth_plushie,/shark/zhiwen/LoRAHunter/DiffSynth-Studio/data/dreambooth-main/dataset/grey_sloth_plushie/04.jpg,A grey sloth plushie sitting on asphalt,obj_lora/grey_sloth_plushie/epoch-4.safetensors,obj
monster_toy,/shark/zhiwen/LoRAHunter/DiffSynth-Studio/data/dreambooth-main/dataset/monster_toy/00.jpg,"A monster toy on windowsill, city view outside.",obj_lora/monster_toy/epoch-4.safetensors,obj
monster_toy,/shark/zhiwen/LoRAHunter/DiffSynth-Studio/data/dreambooth-main/dataset/monster_toy/01.jpg,A monster toy on monitor in office,obj_lora/monster_toy/epoch-4.safetensors,obj
monster_toy,/shark/zhiwen/LoRAHunter/DiffSynth-Studio/data/dreambooth-main/dataset/monster_toy/02.jpg,A monster toy on windowsill,obj_lora/monster_toy/epoch-4.safetensors,obj
monster_toy,/shark/zhiwen/LoRAHunter/DiffSynth-Studio/data/dreambooth-main/dataset/monster_toy/03.jpg,A monster toy on car hood,obj_lora/monster_toy/epoch-4.safetensors,obj
monster_toy,/shark/zhiwen/LoRAHunter/DiffSynth-Studio/data/dreambooth-main/dataset/monster_toy/04.jpg,A monster toy with big eyes and yellow belly.,obj_lora/monster_toy/epoch-4.safetensors,obj
pink_sunglasses,/shark/zhiwen/LoRAHunter/DiffSynth-Studio/data/dreambooth-main/dataset/pink_sunglasses/00.jpg,a pink Sunglasses and pink flowers on white fabric,obj_lora/pink_sunglasses/epoch-4.safetensors,obj
pink_sunglasses,/shark/zhiwen/LoRAHunter/DiffSynth-Studio/data/dreambooth-main/dataset/pink_sunglasses/01.jpg,a pink Sunglasses with gradient lenses,obj_lora/pink_sunglasses/epoch-4.safetensors,obj
pink_sunglasses,/shark/zhiwen/LoRAHunter/DiffSynth-Studio/data/dreambooth-main/dataset/pink_sunglasses/02.jpg,a pink Sunglasses with rose gold frame on soft fabric.,obj_lora/pink_sunglasses/epoch-4.safetensors,obj
pink_sunglasses,/shark/zhiwen/LoRAHunter/DiffSynth-Studio/data/dreambooth-main/dataset/pink_sunglasses/03.jpg,a pink Sunglasses and Vogue magazine on white fabric,obj_lora/pink_sunglasses/epoch-4.safetensors,obj
pink_sunglasses,/shark/zhiwen/LoRAHunter/DiffSynth-Studio/data/dreambooth-main/dataset/pink_sunglasses/04.jpg,a pink Sunglasses with gold detailing on soft fabric.,obj_lora/pink_sunglasses/epoch-4.safetensors,obj
pink_sunglasses,/shark/zhiwen/LoRAHunter/DiffSynth-Studio/data/dreambooth-main/dataset/pink_sunglasses/05.jpg,"a pink Sunglasses, glass with lemon, white fabric",obj_lora/pink_sunglasses/epoch-4.safetensors,obj
poop_emoji,/shark/zhiwen/LoRAHunter/DiffSynth-Studio/data/dreambooth-main/dataset/poop_emoji/00.jpg,A poop emoji toy on asphalt.,obj_lora/poop_emoji/epoch-4.safetensors,obj
poop_emoji,/shark/zhiwen/LoRAHunter/DiffSynth-Studio/data/dreambooth-main/dataset/poop_emoji/01.jpg,A poop emoji toy in grass,obj_lora/poop_emoji/epoch-4.safetensors,obj
poop_emoji,/shark/zhiwen/LoRAHunter/DiffSynth-Studio/data/dreambooth-main/dataset/poop_emoji/02.jpg,A poop emoji in grass near tree,obj_lora/poop_emoji/epoch-4.safetensors,obj
poop_emoji,/shark/zhiwen/LoRAHunter/DiffSynth-Studio/data/dreambooth-main/dataset/poop_emoji/03.jpg,A poop emoji figurine on a green bench.,obj_lora/poop_emoji/epoch-4.safetensors,obj
poop_emoji,/shark/zhiwen/LoRAHunter/DiffSynth-Studio/data/dreambooth-main/dataset/poop_emoji/04.jpg,A poop emoji figurine on concrete.,obj_lora/poop_emoji/epoch-4.safetensors,obj
rc_car,/shark/zhiwen/LoRAHunter/DiffSynth-Studio/data/dreambooth-main/dataset/rc_car/00.jpg,A rc car with driver on concrete ledge,obj_lora/rc_car/epoch-4.safetensors,obj
rc_car,/shark/zhiwen/LoRAHunter/DiffSynth-Studio/data/dreambooth-main/dataset/rc_car/01.jpg,A rc car with driver and number one.,obj_lora/rc_car/epoch-4.safetensors,obj
rc_car,/shark/zhiwen/LoRAHunter/DiffSynth-Studio/data/dreambooth-main/dataset/rc_car/02.jpg,A rc car with driver on table outdoors,obj_lora/rc_car/epoch-4.safetensors,obj
rc_car,/shark/zhiwen/LoRAHunter/DiffSynth-Studio/data/dreambooth-main/dataset/rc_car/03.jpg,"A rc car with driver, number one, blue antenna.",obj_lora/rc_car/epoch-4.safetensors,obj
rc_car,/shark/zhiwen/LoRAHunter/DiffSynth-Studio/data/dreambooth-main/dataset/rc_car/04.jpg,A rc car with figure on asphalt path,obj_lora/rc_car/epoch-4.safetensors,obj
red_cartoon,/shark/zhiwen/LoRAHunter/DiffSynth-Studio/data/dreambooth-main/dataset/red_cartoon/00.jpg,Red cartoon creature with ears and simple face,obj_lora/red_cartoon/epoch-4.safetensors,obj
red_cartoon,/shark/zhiwen/LoRAHunter/DiffSynth-Studio/data/dreambooth-main/dataset/red_cartoon/01.jpg,Red cartoon devil with horns and simple face,obj_lora/red_cartoon/epoch-4.safetensors,obj
red_cartoon,/shark/zhiwen/LoRAHunter/DiffSynth-Studio/data/dreambooth-main/dataset/red_cartoon/02.jpg,Red cartoon devil with horns and scar,obj_lora/red_cartoon/epoch-4.safetensors,obj
red_cartoon,/shark/zhiwen/LoRAHunter/DiffSynth-Studio/data/dreambooth-main/dataset/red_cartoon/03.jpg,Red cartoon devil with horns and arms raised,obj_lora/red_cartoon/epoch-4.safetensors,obj
shiny_sneaker,/shark/zhiwen/LoRAHunter/DiffSynth-Studio/data/dreambooth-main/dataset/shiny_sneaker/00.jpg,A shiny sneaker sneaker on rock in park.,obj_lora/shiny_sneaker/epoch-4.safetensors,obj
shiny_sneaker,/shark/zhiwen/LoRAHunter/DiffSynth-Studio/data/dreambooth-main/dataset/shiny_sneaker/01.jpg,A shiny sneaker sneaker on stone near water,obj_lora/shiny_sneaker/epoch-4.safetensors,obj
shiny_sneaker,/shark/zhiwen/LoRAHunter/DiffSynth-Studio/data/dreambooth-main/dataset/shiny_sneaker/02.jpg,A shiny sneaker sneaker on asphalt,obj_lora/shiny_sneaker/epoch-4.safetensors,obj
shiny_sneaker,/shark/zhiwen/LoRAHunter/DiffSynth-Studio/data/dreambooth-main/dataset/shiny_sneaker/03.jpg,A shiny sneaker sneaker on green grass,obj_lora/shiny_sneaker/epoch-4.safetensors,obj
shiny_sneaker,/shark/zhiwen/LoRAHunter/DiffSynth-Studio/data/dreambooth-main/dataset/shiny_sneaker/04.jpg,A shiny sneaker sneaker on green bench,obj_lora/shiny_sneaker/epoch-4.safetensors,obj
shiny_sneaker,/shark/zhiwen/LoRAHunter/DiffSynth-Studio/data/dreambooth-main/dataset/shiny_sneaker/05.jpg,A shiny sneaker sneaker with white sole against brick wall,obj_lora/shiny_sneaker/epoch-4.safetensors,obj
teapot,/shark/zhiwen/LoRAHunter/DiffSynth-Studio/data/dreambooth-main/dataset/teapot/00.jpg,Teapot on tray with flower and leaf,obj_lora/teapot/epoch-4.safetensors,obj
teapot,/shark/zhiwen/LoRAHunter/DiffSynth-Studio/data/dreambooth-main/dataset/teapot/01.jpg,Brown teapot and white cup on wooden table,obj_lora/teapot/epoch-4.safetensors,obj
teapot,/shark/zhiwen/LoRAHunter/DiffSynth-Studio/data/dreambooth-main/dataset/teapot/02.jpg,Purple clay teapot and cup on rustic table,obj_lora/teapot/epoch-4.safetensors,obj
teapot,/shark/zhiwen/LoRAHunter/DiffSynth-Studio/data/dreambooth-main/dataset/teapot/03.jpg,"Teapot and cup on dark table, traditional setting.",obj_lora/teapot/epoch-4.safetensors,obj
teapot,/shark/zhiwen/LoRAHunter/DiffSynth-Studio/data/dreambooth-main/dataset/teapot/04.jpg,"Brown teapot on stone base, white cup beside.",obj_lora/teapot/epoch-4.safetensors,obj
vase,/shark/zhiwen/LoRAHunter/DiffSynth-Studio/data/dreambooth-main/dataset/vase/00.jpg,Red vase with dried flowers and black teapot on tray.,obj_lora/vase/epoch-4.safetensors,obj
vase,/shark/zhiwen/LoRAHunter/DiffSynth-Studio/data/dreambooth-main/dataset/vase/01.jpg,Red vase with dried flowers and black teapot on tray.,obj_lora/vase/epoch-4.safetensors,obj
vase,/shark/zhiwen/LoRAHunter/DiffSynth-Studio/data/dreambooth-main/dataset/vase/02.jpg,Red vase with marbled texture on white background,obj_lora/vase/epoch-4.safetensors,obj
vase,/shark/zhiwen/LoRAHunter/DiffSynth-Studio/data/dreambooth-main/dataset/vase/03.jpg,Red vase with yellow flowers and green leaf,obj_lora/vase/epoch-4.safetensors,obj
vase,/shark/zhiwen/LoRAHunter/DiffSynth-Studio/data/dreambooth-main/dataset/vase/04.jpg,Red vase with yellow flower on book,obj_lora/vase/epoch-4.safetensors,obj
vase,/shark/zhiwen/LoRAHunter/DiffSynth-Studio/data/dreambooth-main/dataset/vase/05.jpg,"Red vase with flowers, bowl on tray",obj_lora/vase/epoch-4.safetensors,obj
3D_Chibi,/shark/zhiwen/Image-In-Context/DiffSynth-Studio/data/style/OmniConsistency/3D_Chibi/tar/108.png,"3D Chibi Style, A digital illustration in a cute, whimsical style featuring a young girl with large, expressive eyes and a joyful expression. She has short, curly brown hair and is wearing a delicate lace headband adorned with white flowers. The girl is leaning forward, resting her chin on an open book with her hands clasped together. The background is softly blurred, with a warm, cozy atmosphere. The table is covered with a white cloth, and there is a teacup and saucer with a spoon beside the book. The overall color palette is soft and pastel, with a serene and inviting mood.",style_lora/3D_Chibi/epoch-1.safetensors,style
3D_Chibi,/shark/zhiwen/Image-In-Context/DiffSynth-Studio/data/style/OmniConsistency/3D_Chibi/tar/112.png,"3D Chibi Style, A digital illustration of a young anime-style girl with large, expressive brown eyes and a small, cute smile. She has long, dark brown hair with bangs and a few loose strands framing her face. She is wearing a cream-colored, knitted sweater with the sleeves pushed up to her elbows. The background is blurred, showing a simple, cozy room with a bed in the corner. The girl's skin is smooth and fair, with a few freckles on her cheeks. The style is soft and cute, with a warm color palette.",style_lora/3D_Chibi/epoch-1.safetensors,style
3D_Chibi,/shark/zhiwen/Image-In-Context/DiffSynth-Studio/data/style/OmniConsistency/3D_Chibi/tar/025.png,"3D Chibi Style, A detailed, vintage-style illustration of a serene park scene, featuring a small white arched bridge spanning a calm, reflective pond. The bridge is adorned with intricate railings and a few people walking across it. Tall, lush trees with dense foliage frame the scene, creating a tranquil atmosphere. The background showcases more trees and a pathway leading to the bridge. The art style is reminiscent of 19th-century botanical illustrations, with meticulous attention to detail and a soft, muted color palette.",style_lora/3D_Chibi/epoch-1.safetensors,style
3D_Chibi,/shark/zhiwen/Image-In-Context/DiffSynth-Studio/data/style/OmniConsistency/3D_Chibi/tar/129.png,"3D Chibi Style, A digitally rendered CGI image of four young anime-style girls standing in a row on a sunny day in a park. They are wearing matching school uniforms consisting of white shirts with navy blue ties and pleated navy blue skirts. The girl in the middle is wearing glasses and has a friendly smile. The girls are all smiling and waving at the viewer. The background features trees and a stone wall. The lighting is bright and natural, casting soft shadows. The girls have large, expressive eyes and cute, youthful features. The image has a playful and cheerful atmosphere.",style_lora/3D_Chibi/epoch-1.safetensors,style
3D_Chibi,/shark/zhiwen/Image-In-Context/DiffSynth-Studio/data/style/OmniConsistency/3D_Chibi/tar/064.png,"3D Chibi Style, 3D render of three anime-style girls with large eyes and big smiles, standing in front of a tree in a garden. They are wearing blue dresses with white patterns, one with a blue headband and holding a bouquet of white flowers, another with a straw hat and holding a basket of green grapes, and the third holding a basket with a cucumber, tomato, and lemon. The background is blurry with green foliage and a tree trunk. The girls have fair skin and long black hair. Bright and vibrant colors. JPEG artifacts.",style_lora/3D_Chibi/epoch-1.safetensors,style
American_Cartoon,/shark/zhiwen/Image-In-Context/DiffSynth-Studio/data/style/OmniConsistency/American_Cartoon/tar/080.png,"Three women sitting on a blanket with plush teddy bears, drawn in an American cartoon style. The background is a warm orange. The women have long dark hair and are wearing cozy white and cream-colored outfits. They are smiling and sitting close together. The teddy bears are dressed in cute clothes. The scene has a soft, friendly atmosphere.",style_lora/American_Cartoon/epoch-1.safetensors,style
American_Cartoon,/shark/zhiwen/Image-In-Context/DiffSynth-Studio/data/style/OmniConsistency/American_Cartoon/tar/031.png,"A stylized American cartoon version of two women in elegant gowns sitting together in a fantasy forest setting. One woman wears a short, layered dress with ribbon straps and high heels, and the other wears a long, embroidered gown with sheer sleeves. They are surrounded by lush greenery, including palm leaves and ivy, and accompanied by small, cute rabbits. The atmosphere is warm and magical, with soft lighting and a dreamy background.",style_lora/American_Cartoon/epoch-1.safetensors,style
American_Cartoon,/shark/zhiwen/Image-In-Context/DiffSynth-Studio/data/style/OmniConsistency/American_Cartoon/tar/026.png,"An elderly couple sitting close together, dressed in wedding-themed outfits, in an American cartoon style. The woman wears a white shirt and a bridal veil, and the man wears a white shirt with a black bow tie. They are looking at each other lovingly with warm expressions, against a dark background. Cartoon style with clear outlines and vibrant colors.",style_lora/American_Cartoon/epoch-1.safetensors,style
American_Cartoon,/shark/zhiwen/Image-In-Context/DiffSynth-Studio/data/style/OmniConsistency/American_Cartoon/tar/106.png,"Three young people standing on grass in a park, all wearing matching striped t-shirts with white shorts or pants and small crossbody bags. Two girls on each side and one boy in the middle. The girls are forming a heart shape with their arms around the boy. They are all smiling or winking. Trees and greenery in the background. American cartoon style, bright and clean lines, vibrant colors, full body view.",style_lora/American_Cartoon/epoch-1.safetensors,style
American_Cartoon,/shark/zhiwen/Image-In-Context/DiffSynth-Studio/data/style/OmniConsistency/American_Cartoon/tar/004.png,"A girl in a sparkly green dress posing in a festive Christmas setting, American cartoon style. She is kneeling near a decorated Christmas tree with red and white ornaments, surrounded by wrapped gifts, a white teddy bear, and red curtains in the background. She is wearing reindeer antlers with holiday decorations. The overall scene has a cozy, cheerful holiday vibe.",style_lora/American_Cartoon/epoch-1.safetensors,style
Chinese_Ink,/shark/zhiwen/Image-In-Context/DiffSynth-Studio/data/style/OmniConsistency/Chinese_Ink/tar/118.png,"A traditional windmill with four large blades, standing on stone arches in an open landscape, drawn in Chinese ink painting style. The structure is detailed with stone textures, and the background includes a minimal countryside with trees on the horizon, under a clear sky. Use soft black ink with gradient washes, brush strokes typical of Chinese ink art.",style_lora/Chinese_Ink/epoch-1.safetensors,style
Chinese_Ink,/shark/zhiwen/Image-In-Context/DiffSynth-Studio/data/style/OmniConsistency/Chinese_Ink/tar/080.png,"A Chinese family portrait in traditional and modern attire, depicted in Chinese ink painting style. The scene includes three generations: elderly grandparents seated at the center, the grandmother in an ornate red and gold traditional dress, and the grandfather in a black suit reading a scroll. Surrounding them are family members in formal wear, including red velvet dresses and black tuxedos. The background is a rich red tone, and the setting has a festive, warm atmosphere. Render this in a classic Chinese ink style with brushwork details and monochrome tones with subtle red highlights.",style_lora/Chinese_Ink/epoch-1.safetensors,style
Chinese_Ink,/shark/zhiwen/Image-In-Context/DiffSynth-Studio/data/style/OmniConsistency/Chinese_Ink/tar/027.png,"Two women in ancient Chinese attire in a dramatic moment, one in delicate embroidered hanfu with cherry blossoms, the other in ornate black armor with silver lion shoulder plates, touching the other's face gently. Set in a historical palace corridor. Style: traditional Chinese ink painting, with soft brushwork, flowing ink, and minimal color. Emphasis on emotion and elegance.",style_lora/Chinese_Ink/epoch-1.safetensors,style
Chinese_Ink,/shark/zhiwen/Image-In-Context/DiffSynth-Studio/data/style/OmniConsistency/Chinese_Ink/tar/101.png,"A group of four young women standing together with their hands stacked in unity, wearing white tops and dark skirts, under a tree with sunlight filtering through leaves. The image is in traditional Chinese ink painting style (æ°´å¢¨ç»), with soft brush strokes, black and white tones, and delicate shading. Background features stylized tree branches and leaves in ink wash. Emotional and serene atmosphere.",style_lora/Chinese_Ink/epoch-1.safetensors,style
Chinese_Ink,/shark/zhiwen/Image-In-Context/DiffSynth-Studio/data/style/OmniConsistency/Chinese_Ink/tar/049.png,"Two women in traditional Chinese hanfu attire, standing in front of a brightly lit ancient Chinese building at night. One holds a round fan with cherry blossom design, and the other holds a white rabbit. Their hair is styled with elaborate floral and beaded hairpieces. The image is in the style of traditional Chinese ink painting, with soft brushstrokes and muted colors, emphasizing elegance and grace.",style_lora/Chinese_Ink/epoch-1.safetensors,style
Clay_Toy,/shark/zhiwen/Image-In-Context/DiffSynth-Studio/data/style/OmniConsistency/Clay_Toy/tar/040.png,"clay style, Two women, one with a small smile and the other with a neutral expression, both with long, wavy brown hair and fair skin, are sculpted in clay. The woman on the left has a white top, and the woman on the right has a strapless top. The background is a plain, textured surface. The style is realistic and detailed, with a warm, earthy color palette. The women are positioned side by side, facing the viewer. The image is a high-quality photograph of the sculpture.",style_lora/Clay_Toy/epoch-1.safetensors,style
Clay_Toy,/shark/zhiwen/Image-In-Context/DiffSynth-Studio/data/style/OmniConsistency/Clay_Toy/tar/104.png,"clay style, A cartoon-style digital illustration of a theatre building with a sign that reads ""Teatro Lope de Vega."" The building is yellow with a black awning and has a few windows. There are palm trees and a street lamp on either side of the entrance. The street is paved and there is a sidewalk. The sky is blue and there are some green plants in the foreground. The style is whimsical and playful, with thick outlines and bright colors.",style_lora/Clay_Toy/epoch-1.safetensors,style
Clay_Toy,/shark/zhiwen/Image-In-Context/DiffSynth-Studio/data/style/OmniConsistency/Clay_Toy/tar/069.png,"clay style, 3D rendered, digital art, cartoon style, three characters, two girls and one boy, all wearing winter clothes, smiling and posing for a selfie, bright and colorful, outdoor setting, large building in the background, sun setting, blue sky with clouds, trees without leaves, pavement, street lamps, one girl wearing a yellow beanie and scarf, one girl wearing an orange beanie and blue scarf, one boy wearing a red beanie and blue scarf, v-signs, happy expressions, vibrant colors, playful and cheerful atmosphere, no watermark",style_lora/Clay_Toy/epoch-1.safetensors,style
Clay_Toy,/shark/zhiwen/Image-In-Context/DiffSynth-Studio/data/style/OmniConsistency/Clay_Toy/tar/060.png,"clay style, A digital illustration of three young Asian girls dressed in traditional Chinese clothing, standing side by side. Each girl has a unique hair style, with flowers in their hair. The girl on the left wears a yellow dress with blue patterns, the girl in the middle wears a green dress with blue patterns, and the girl on the right wears a red dress with blue patterns. The background features a wooden fence with branches and red berries. The girls have a serene and gentle expression, with their hands resting on their chests. The illustration has a soft and warm color palette.",style_lora/Clay_Toy/epoch-1.safetensors,style
Clay_Toy,/shark/zhiwen/Image-In-Context/DiffSynth-Studio/data/style/OmniConsistency/Clay_Toy/tar/101.png,"clay style, A whimsical, hand-drawn illustration of a wooden observation deck with a view of a lush, green landscape and a blue river. The deck features a sign that reads ""Wieden,"" a weathered wooden railing, and a vintage-style telescope on a stand. The sky is clear with a few fluffy clouds. The style is reminiscent of children's book illustrations, with a playful and charming aesthetic. The colors are warm and inviting, with a palette of earthy browns, greens, and blues.",style_lora/Clay_Toy/epoch-1.safetensors,style
Fabric,/shark/zhiwen/Image-In-Context/DiffSynth-Studio/data/style/OmniConsistency/Fabric/tar/087.png,"A fabric-style illustration of five young women posing on a white outdoor staircase with a blue sky background. They are holding pink balloons and wearing light and pastel-colored clothes, including pink skirts, white tops, and a pink beret. The image has a soft, textile texture, resembling embroidered or quilted fabric art. The scene captures a cheerful, friendship-themed atmosphere.",style_lora/Fabric/epoch-1.safetensors,style
Fabric,/shark/zhiwen/Image-In-Context/DiffSynth-Studio/data/style/OmniConsistency/Fabric/tar/098.png,"A drawing in fabric art style based on the uploaded image. Use a textured textile look with stitched outlines, patchwork patterns, and fabric-like details. Preserve the structure and subject of the original image while transforming it into a soft, cozy fabric art piece.",style_lora/Fabric/epoch-1.safetensors,style
Fabric,/shark/zhiwen/Image-In-Context/DiffSynth-Studio/data/style/OmniConsistency/Fabric/tar/003.png,"A fabric-style artistic rendering of an elderly Asian man with gray hair, wearing a dark coat, posing thoughtfully with his hand near his chin. The image is stylized to resemble woven fabric texture with detailed thread patterns and rich textile-like colors. Background is dark, focusing on the subject's face and expression.",style_lora/Fabric/epoch-1.safetensors,style
Fabric,/shark/zhiwen/Image-In-Context/DiffSynth-Studio/data/style/OmniConsistency/Fabric/tar/102.png,"A fabric-style drawing of five women posing together. They are all wearing white shirts and blue jeans, with a soft cream armchair in the center. The style resembles embroidered or woven fabric art, with a textured textile appearance. The background is plain and light, and the overall color scheme is soft and harmonious.",style_lora/Fabric/epoch-1.safetensors,style
Fabric,/shark/zhiwen/Image-In-Context/DiffSynth-Studio/data/style/OmniConsistency/Fabric/tar/094.png,"A fabric-style illustration of four cheerful young women posing together. One is wearing a fluffy animal hat with ears, another is playfully gesturing a phone call sign with her hand. The background is simple, and the scene conveys a cozy and joyful atmosphere. The textures and details are rendered to resemble soft fabric or textile art, with visible stitching and fabric patterns. Bright and warm colors enhance the friendly vibe.",style_lora/Fabric/epoch-1.safetensors,style
Ghibli,/shark/zhiwen/Image-In-Context/DiffSynth-Studio/data/style/OmniConsistency/Ghibli/tar/081.png,"Ghibli Studio style, Anime-style drawing of a young woman with a casual and relaxed demeanor, sitting on a wooden chair in a corner of a room with cream-colored walls and a white door. She has a cute, youthful appearance with a small smile and blushing cheeks. Her dark brown hair is styled in a messy bun with loose strands framing her face. She wears a white tank top with a loose, off-the-shoulder cream-colored sweater, and bright red pants. The lighting is soft and warm, casting gentle shadows. The style is reminiscent of Japanese anime and manga, with clean lines and a slightly pastel color palette.",style_lora/Ghibli/epoch-1.safetensors,style
Ghibli,/shark/zhiwen/Image-In-Context/DiffSynth-Studio/data/style/OmniConsistency/Ghibli/tar/003.png,"Ghibli Studio style, Anime-style illustration of two young girls standing in a tiled subway station, both wearing traditional Japanese school uniforms. The girl on the left has long brown hair tied in a low ponytail, and is wearing a white shirt with a collar and buttons, a blue skirt, and white socks with brown shoes. The girl on the right has short black hair, a white shirt with a blue sailor collar, a blue skirt, and white socks with black shoes. Both girls have neutral expressions and are standing side by side, facing the viewer. The background features blue and white tiles, with a shadow cast on the wall behind them.",style_lora/Ghibli/epoch-1.safetensors,style
Ghibli,/shark/zhiwen/Image-In-Context/DiffSynth-Studio/data/style/OmniConsistency/Ghibli/tar/090.png,"Ghibli Studio style, A digital illustration in an anime style featuring two young women with long, straight brown hair. The woman on the left has a serious expression and is wearing a plaid shirt, while the woman on the right has a neutral expression and is wearing a black school uniform with a red tie. The background is a simple indoor setting with a brick wall and a doorway. The artwork has a warm color palette with soft shading. The style is reminiscent of the anime ""Sailor Moon.""",style_lora/Ghibli/epoch-1.safetensors,style
Ghibli,/shark/zhiwen/Image-In-Context/DiffSynth-Studio/data/style/OmniConsistency/Ghibli/tar/071.png,"Ghibli Studio style, A digital illustration of a young couple sitting close together in a cozy kitchen setting. The woman has long brown hair and is wearing a white off-the-shoulder shirt, while the man has short dark hair and is wearing glasses and a beige shirt. They are looking at each other with a soft, loving expression. The background features a window with sunlight streaming in, a potted plant, and a small vase of flowers on the counter. The style is anime-inspired with a warm, inviting color palette.",style_lora/Ghibli/epoch-1.safetensors,style
Ghibli,/shark/zhiwen/Image-In-Context/DiffSynth-Studio/data/style/OmniConsistency/Ghibli/tar/014.png,"Ghibli Studio style, Digital illustration of two girls standing next to a taxi cab. One girl is wearing a red cap, camouflage jacket, and high-waisted jeans, with a serious expression. The other girl is wearing a black dress with a red tie and a neutral expression. The taxi has a ""TAXI SERVICE"" sign on the side. The background features a cityscape with a traffic light and building. The art style is clean and detailed with a muted color palette.",style_lora/Ghibli/epoch-1.safetensors,style
Irasutoya,/shark/zhiwen/Image-In-Context/DiffSynth-Studio/data/style/OmniConsistency/Irasutoya/tar/022.png,"Two girls posing together, one with long black hair and wearing a green top, the other with long brown hair and wearing a dark green outfit, drawn in the cute and simple 'irasutoya' style, colorful and cheerful, 1024x1024 resolution.",style_lora/Irasutoya/epoch-1.safetensors,style
Irasutoya,/shark/zhiwen/Image-In-Context/DiffSynth-Studio/data/style/OmniConsistency/Irasutoya/tar/003.png,"An elderly woman in Irasutoya style, sitting in a chair with a warm smile. She has short white hair, wears glasses, a long pearl necklace, and a cozy outfit in beige and brown tones. There is a vase with flowers on a table in the background. Soft lighting and warm atmosphere.",style_lora/Irasutoya/epoch-1.safetensors,style
Irasutoya,/shark/zhiwen/Image-In-Context/DiffSynth-Studio/data/style/OmniConsistency/Irasutoya/tar/020.png,"A joyful couple sitting and laughing together, wearing traditional Central Asian-style wedding attire with gold embroidery and decorative headpieces. The woman is playfully hugging the man from the side. They are sitting in front of a patterned curtain and surrounded by potted plants. The art style is inspired by Irasutoya, with soft colors, round faces, and cute simplified features. Cartoon style, 1024x1024 resolution.",style_lora/Irasutoya/epoch-1.safetensors,style
Irasutoya,/shark/zhiwen/Image-In-Context/DiffSynth-Studio/data/style/OmniConsistency/Irasutoya/tar/071.png,"Four stylish young people posing together in a retro setting, wearing colorful patterned clothes and smiling. The scene has a nostalgic, vintage vibe. Convert this scene to the Irasutoya style, with cartoon-like faces, round heads, soft colors, and flat 2D design. Include similar outfits and background elements in the Irasutoya style.",style_lora/Irasutoya/epoch-1.safetensors,style
Irasutoya,/shark/zhiwen/Image-In-Context/DiffSynth-Studio/data/style/OmniConsistency/Irasutoya/tar/014.png,"A cute irasutoya-style illustration of two friends happily eating together at a restaurant. One has fluffy dark hair, wears a colorful sweater with a yellow duck headphone around their neck, and the sweater says 'B.DUCK'. The other has straight black hair with bangs, wearing a red sweater, and holding chopsticks. They are smiling warmly. The table is full of food like dumplings, drinks, and other dishes. The background is cheerful with fun, cartoonish decorations. Art style is colorful, soft, simple, and typical of irasutoya. Size: 1024x1024.",style_lora/Irasutoya/epoch-1.safetensors,style
Jojo,/shark/zhiwen/Image-In-Context/DiffSynth-Studio/data/style/OmniConsistency/Jojo/tar/020.png,"A young man in JoJo's Bizarre Adventure anime style, leaning against a rusty railing on a track field. He wears a white t-shirt with bold lettering and ripped jeans. He looks up with a serious and dramatic expression, typical of JoJo poses. The background includes a green and red athletic track. High detail, cel-shaded anime art, vibrant colors, dramatic lighting, intense shadows. JoJo-style fashion and flair.",style_lora/Jojo/epoch-1.safetensors,style
Jojo,/shark/zhiwen/Image-In-Context/DiffSynth-Studio/data/style/OmniConsistency/Jojo/tar/026.png,"A couple sitting together and taking a selfie, with the woman hugging the man from the side. Both are wearing matching sweaters. The art style is inspired by JoJo's Bizarre Adventure, featuring bold lines, dramatic shading, and dynamic poses. The background includes a modern interior with computer monitors. Vibrant colors and exaggerated expressions typical of JoJo style. Size: 1024x1024.",style_lora/Jojo/epoch-1.safetensors,style
Jojo,/shark/zhiwen/Image-In-Context/DiffSynth-Studio/data/style/OmniConsistency/Jojo/tar/095.png,"A group of six stylish girls posing energetically, converted into JoJo's Bizarre Adventure anime style. The girls wear school uniforms with ties and skirts, striking dynamic and exaggerated JoJo-like poses. The artwork features bold outlines, intense shading, vivid colors, and dramatic expressions typical of JoJo's Bizarre Adventure art. The background is a tiled wall, similar to a school or urban environment. Highly detailed, vibrant, and expressive illustration.",style_lora/Jojo/epoch-1.safetensors,style
Jojo,/shark/zhiwen/Image-In-Context/DiffSynth-Studio/data/style/OmniConsistency/Jojo/tar/102.png,"A dramatic stone dam in the mountains, viewed from above, stylized in the art style of JoJo's Bizarre Adventure. The image features bold outlines, dynamic shading, vibrant colors, and exaggerated, manga-like textures and effects. The surrounding landscape is rugged and rocky, with dramatic lighting and a sense of intensity typical of JoJo's anime style.",style_lora/Jojo/epoch-1.safetensors,style
Jojo,/shark/zhiwen/Image-In-Context/DiffSynth-Studio/data/style/OmniConsistency/Jojo/tar/021.png,"Two stylish women at a party in a JoJo's Bizarre Adventure anime style. One woman is wearing a sparkling silver dress, the other is in a black fur top and ripped jeans, holding a white rose and a glass of wine. The setting is a chic lounge with floral decorations and dim lighting. Vibrant colors, exaggerated poses, and intense shading typical of JoJo style. Background with dramatic perspective and glamor.",style_lora/Jojo/epoch-1.safetensors,style
LEGO,/shark/zhiwen/Image-In-Context/DiffSynth-Studio/data/style/OmniConsistency/LEGO/tar/046.png,"Three friends posing playfully for a selfie in a cozy urban indoor setting, converted to LEGO style. One wears a light beige cap and white shirt, another in a camo hat and pants, and the third in a black and white jacket. They are all smiling or making funny faces. The background includes tiled walls and dim lighting, creating a casual vibe. Rendered in LEGO bricks and minifigures.",style_lora/LEGO/epoch-1.safetensors,style
LEGO,/shark/zhiwen/Image-In-Context/DiffSynth-Studio/data/style/OmniConsistency/LEGO/tar/005.png,"A shirtless muscular man taking a mirror selfie in a gym, converted into LEGO style. The background includes gym equipment like treadmills, dumbbells, and a water bottle. Bright lighting and detailed LEGO-style muscles and facial features. LEGO minifigure proportions and aesthetics. Square format.",style_lora/LEGO/epoch-1.safetensors,style
LEGO,/shark/zhiwen/Image-In-Context/DiffSynth-Studio/data/style/OmniConsistency/LEGO/tar/008.png,"A LEGO-style version of a selfie taken in an elevator. A person in front is holding a phone with a cute Hello Kitty phone case and wearing a black puffer jacket, with visible makeup and detailed fingernails. Another person with blonde hair is in the background looking at their phone. The setting is an elevator with metallic walls. LEGO style, blocky characters and environment, playful and colorful tone.",style_lora/LEGO/epoch-1.safetensors,style
LEGO,/shark/zhiwen/Image-In-Context/DiffSynth-Studio/data/style/OmniConsistency/LEGO/tar/002.png,"A young girl in a playful pose wearing pastel-colored accessories and large round glasses, in a LEGO style. She has long dark hair in pigtails, a blue and white outfit with star bracelets and heart necklaces. The background is a park setting with trees and buildings. LEGO figure style, blocky shapes, vibrant colors.",style_lora/LEGO/epoch-1.safetensors,style
LEGO,/shark/zhiwen/Image-In-Context/DiffSynth-Studio/data/style/OmniConsistency/LEGO/tar/067.png,"A LEGO-style recreation of a group of four young adults taking a playful mirror selfie. They are dressed in trendy, colorful clothing with dramatic poses and expressions. One person is wearing a red top with a butterfly print, another has a green varsity jacket, and others have stylish accessories like earrings and bags. The group is closely huddled, with some sticking their tongues out and appearing to be having fun. The background is a neutral wall with a mirror and phone visible in the foreground.",style_lora/LEGO/epoch-1.safetensors,style
Macaron,/shark/zhiwen/Image-In-Context/DiffSynth-Studio/data/style/OmniConsistency/Macaron/tar/058.png,"3D macaron art style, Three girls sitting together on yellow bleachers, wearing stylish modern outfits, drawn in Macaron clay style. The girl on the left has blonde hair in braids and hoop earrings, wearing a black crop top and choker. The middle girl has long black hair, a white decorative headpiece, and a gothic-inspired outfit. The girl on the right has black hair with highlights, wearing a black top with a white skirt. Cute pastel clay art style with soft details and chibi-like features.",style_lora/Macaron/epoch-1.safetensors,style
Macaron,/shark/zhiwen/Image-In-Context/DiffSynth-Studio/data/style/OmniConsistency/Macaron/tar/047.png,"3D macaron art style, Three schoolgirls sitting on outdoor steps in a cute 3D Macaron art style. They are wearing white shirts, red ribbons, and navy skirts, with white socks and dark shoes. Two of them are leaning their heads on the girl in the middle, who is holding a blue melodica. The background is soft and colorful, with pastel tones and a dreamy, cartoon-like feel. Rendered in 3D Macaron style with smooth textures, soft lighting, and charming expressions.",style_lora/Macaron/epoch-1.safetensors,style
Macaron,/shark/zhiwen/Image-In-Context/DiffSynth-Studio/data/style/OmniConsistency/Macaron/tar/023.png,"3D macaron art style,A shirtless man wearing a face mask and a wavy patterned scarf, rendered in Macaron clay art style. The scarf has light blue, white, and black wavy patterns, and appears to be blowing in the wind. The background is soft pastel with a hint of pink gradient. The man has short black hair and light skin tone. His pose is playful and relaxed.",style_lora/Macaron/epoch-1.safetensors,style
Macaron,/shark/zhiwen/Image-In-Context/DiffSynth-Studio/data/style/OmniConsistency/Macaron/tar/020.png,"3D macaron art style, A dreamy, romantic scene in Macaron clay style. A girl with long wavy hair and a large bow sits at an ornate wooden table adorned with delicate lace, flowers, and a framed painting. She wears a flowing pastel pink dress with ruffles, surrounded by blooming lilac and white flowers. The lighting is soft and ethereal, with a vintage ambiance. Render in 1024x1024 resolution.",style_lora/Macaron/epoch-1.safetensors,style
Macaron,/shark/zhiwen/Image-In-Context/DiffSynth-Studio/data/style/OmniConsistency/Macaron/tar/014.png,"A 3D Macaron-style illustration of a young man standing on a city street at night. He has short, spiky hair and is wearing a black puffer jacket over a red and blue plaid shirt with a black hoodie underneath. The background features streetlights, cars, and festive decorations with a soft, cute, rounded macaron aesthetic. The character has a gentle smile, and the entire scene is rendered in a colorful, soft, and chubby 3D macaron art style.",style_lora/Macaron/epoch-1.safetensors,style
Oil_Painting,/shark/zhiwen/Image-In-Context/DiffSynth-Studio/data/style/OmniConsistency/Oil_Painting/tar/039.png,"Three women in elegant vintage wedding dresses standing indoors, smiling and holding their gowns, in a classical setting. Oil painting style with soft brushstrokes and warm lighting.",style_lora/Oil_Painting/epoch-1.safetensors,style
Oil_Painting,/shark/zhiwen/Image-In-Context/DiffSynth-Studio/data/style/OmniConsistency/Oil_Painting/tar/028.png,"A romantic couple in traditional Asian attire, standing against a red background. The woman holds a red folding fan and wears a white dress with gold jewelry, while the man in a black traditional outfit gently kisses her on the cheek. The scene includes red blossoms hanging above. Convert to an oil painting style.",style_lora/Oil_Painting/epoch-1.safetensors,style
Oil_Painting,/shark/zhiwen/Image-In-Context/DiffSynth-Studio/data/style/OmniConsistency/Oil_Painting/tar/065.png,"A group portrait of six elegant women dressed in black formal evening gowns, arranged in a classic studio pose. The lighting is dramatic with a dark background, and the image is rendered in an oil painting style, showing rich texture and painterly brush strokes. The women have composed expressions, and the scene has a timeless, artistic atmosphere.",style_lora/Oil_Painting/epoch-1.safetensors,style
Oil_Painting,/shark/zhiwen/Image-In-Context/DiffSynth-Studio/data/style/OmniConsistency/Oil_Painting/tar/090.png,"An oil painting of a vintage steam-powered vehicle carrying passengers, marked with 'Amberley Working Museum' on a rainy day. The scene includes a green open carriage with red wheels being pulled by a steam engine. A person stands on the path observing the vehicle, surrounded by trees and a damp pathway. The style is classic oil painting with visible brush strokes, rich texture, and muted colors typical of traditional landscape art.",style_lora/Oil_Painting/epoch-1.safetensors,style
Oil_Painting,/shark/zhiwen/Image-In-Context/DiffSynth-Studio/data/style/OmniConsistency/Oil_Painting/tar/069.png,"A group of four schoolgirls in uniforms sitting on the ground and playing a hand game, in an outdoor setting with sunlight filtering through. Rendered in oil painting style with rich texture and brushstrokes.",style_lora/Oil_Painting/epoch-1.safetensors,style
Origami,/shark/zhiwen/Image-In-Context/DiffSynth-Studio/data/style/OmniConsistency/Origami/tar/080.png,"origami-style,A group of four fashionable young people in vintage clothing, reimagined in intricate origami art style. The scene includes one person holding a boombox, another holding an old telephone, and others with retro accessories. They are posing cheerfully in a warmly lit room with nostalgic decor and wall art. The entire scene is made of folded paper in an origami style, with detailed paper textures and soft lighting.",style_lora/Origami/epoch-1.safetensors,style
Origami,/shark/zhiwen/Image-In-Context/DiffSynth-Studio/data/style/OmniConsistency/Origami/tar/064.png,"origami-style,A family portrait in origami style. The family consists of seven members including an elderly couple seated in the center, surrounded by younger family members. The elderly woman is wearing a traditional ornate red dress, and the others are dressed in formal suits and red dresses. The background is a deep red, and the overall scene has an elegant and celebratory atmosphere. The style should mimic origami paper folding with sharp edges and paper-like textures.",style_lora/Origami/epoch-1.safetensors,style
Origami,/shark/zhiwen/Image-In-Context/DiffSynth-Studio/data/style/OmniConsistency/Origami/tar/031.png,"An origami-style illustration of an elderly couple making a heart shape with their arms, smiling and standing close together in front of a water background. The man is wearing a light jacket, a cap, and a red plaid scarf, while the woman is also in a light jacket with a touch of red and a scarf. The scene has a folded paper, origami art aesthetic with clean lines and pastel tones.",style_lora/Origami/epoch-1.safetensors,style
Origami,/shark/zhiwen/Image-In-Context/DiffSynth-Studio/data/style/OmniConsistency/Origami/tar/103.png,"An origami-style illustration of an old beige stone building with circular windows and a curved facade, under a blue sky with scattered clouds. The structure appears historic and textured, made entirely with folded paper art to mimic an origami aesthetic.",style_lora/Origami/epoch-1.safetensors,style
Origami,/shark/zhiwen/Image-In-Context/DiffSynth-Studio/data/style/OmniConsistency/Origami/tar/040.png,"origami-style, Two women smiling, one wearing glasses and a white top, the other in a yellow top, depicted in a stylized origami art style. Intricate folded paper texture, soft color palette, with detailed facial features formed by angular folds and shadows. Origami-style background.",style_lora/Origami/epoch-1.safetensors,style
Paper_Cutting,/shark/zhiwen/Image-In-Context/DiffSynth-Studio/data/style/OmniConsistency/Paper_Cutting/tar/085.png,"Four young women in wedding dresses holding musical instruments (ukulele, microphone, melodica), in a dreamy outdoor setting, in a paper-cutting art style with delicate cut-out textures and soft pastel colors. The scene has trees in the background and a soft, vintage ambiance.",style_lora/Paper_Cutting/epoch-1.safetensors,style
Paper_Cutting,/shark/zhiwen/Image-In-Context/DiffSynth-Studio/data/style/OmniConsistency/Paper_Cutting/tar/047.png,"Three schoolgirls in navy blue uniforms standing in a classroom, looking up with playful expressions. Paper-cutting art style, clean lines, layered paper textures, bright colors, and clear contrast. Wooden classroom floor, desks, and chalkboard in the background. Top-down perspective.",style_lora/Paper_Cutting/epoch-1.safetensors,style
Paper_Cutting,/shark/zhiwen/Image-In-Context/DiffSynth-Studio/data/style/OmniConsistency/Paper_Cutting/tar/072.png,"A paper-cutting style illustration of four fashionable young women posing together in front of a colorful painting, with intricate cut-out patterns and vibrant layered paper textures. The background includes traditional Chinese art elements, and the figures are depicted with stylized, sharp paper edges and details. The scene is elegant and festive.",style_lora/Paper_Cutting/epoch-1.safetensors,style
Paper_Cutting,/shark/zhiwen/Image-In-Context/DiffSynth-Studio/data/style/OmniConsistency/Paper_Cutting/tar/102.png,"A paper-cutting style illustration of a lighthouse in a grassy field, with red and white stripes on the lighthouse and red-roofed buildings around it. The background features a clear blue sky. The entire scene should resemble layered paper art, with visible depth and texture typical of paper cutouts.",style_lora/Paper_Cutting/epoch-1.safetensors,style
Paper_Cutting,/shark/zhiwen/Image-In-Context/DiffSynth-Studio/data/style/OmniConsistency/Paper_Cutting/tar/013.png,"A paper-cutting style portrait of a young woman with long dark hair, wearing glasses. The art style is minimalistic with layered paper textures and soft shadows to show depth. The background is a light textured surface resembling handmade paper. The expression is gentle and serene.",style_lora/Paper_Cutting/epoch-1.safetensors,style
Picasso,/shark/zhiwen/Image-In-Context/DiffSynth-Studio/data/style/OmniConsistency/Picasso/tar/080.png,"A group of five friends sitting together in a room, reimagined in the abstract and geometric style of Pablo Picasso. The image features cubist elements, fragmented forms, and bold color contrasts. The characters have exaggerated facial features and angular shapes, with a surreal and expressive atmosphere. The setting is indoors, with minimalist background and emotional depth.",style_lora/Picasso/epoch-1.safetensors,style
Picasso,/shark/zhiwen/Image-In-Context/DiffSynth-Studio/data/style/OmniConsistency/Picasso/tar/004.png,"A Picasso-style painting of a woman in traditional Chinese royal attire with ornate floral embroidery and a beaded headdress. She has long golden nail guards and a red gemstone ring, posing gracefully with her eyes closed against a plain background. The style should reflect Picasso's abstract and cubist approach, with bold colors, geometric shapes, and distorted features typical of his portraiture.",style_lora/Picasso/epoch-1.safetensors,style
Picasso,/shark/zhiwen/Image-In-Context/DiffSynth-Studio/data/style/OmniConsistency/Picasso/tar/094.png,"A Picasso-style painting of four young graduates in traditional academic robes posing cheerfully on a sports field. Their expressions are lively, and their gestures are playful. The background features trees, buildings, and a running track, all abstracted in Picasso's Cubist art style with bold lines, distorted perspectives, and vibrant, contrasting colors.",style_lora/Picasso/epoch-1.safetensors,style
Picasso,/shark/zhiwen/Image-In-Context/DiffSynth-Studio/data/style/OmniConsistency/Picasso/tar/103.png,"A city street scene in the style of Pablo Picasso, with abstract forms, cubist influences, and bold, contrasting colors. The scene includes traffic lights, a car, trees, and a building in the background, all reimagined in Picasso's artistic style.",style_lora/Picasso/epoch-1.safetensors,style
Picasso,/shark/zhiwen/Image-In-Context/DiffSynth-Studio/data/style/OmniConsistency/Picasso/tar/065.png,"A group of four women posing at an outdoor night event with string lights, flowers, and wooden furniture in the style of Pablo Picasso. The style should reflect Picasso's signature cubism and abstract elements, with fragmented shapes, bold lines, and a surreal, colorful interpretation of the scene. The atmosphere should retain the warm glow of the lights and night ambiance.",style_lora/Picasso/epoch-1.safetensors,style
Pixel,/shark/zhiwen/Image-In-Context/DiffSynth-Studio/data/style/OmniConsistency/Pixel/tar/039.png,"Stick Style, A pixel art image of two men sitting in a dimly lit room. The man on the right is reclining on a wooden chair, wearing a dark jacket and light pants. He has a serious expression and is looking to the side. The man on the left is sitting on a bench, wearing a white shirt and dark pants. He has a neutral expression and is looking down. The room has wooden walls and a window with sheer curtains. The lighting is soft and warm. The pixel art style is detailed and colorful, with a nostalgic feel.",style_lora/Pixel/epoch-1.safetensors,style
Pixel,/shark/zhiwen/Image-In-Context/DiffSynth-Studio/data/style/OmniConsistency/Pixel/tar/032.png,"Stick Style, Pixel art of two young men sitting at a wooden bar, both with short dark hair and wearing black sleeveless shirts. The man on the left has a green jacket draped over his shoulders, while the man on the right has a gold chain around his neck. Both men are holding beer bottles, with two more bottles on the bar in front of them. The background features wooden paneling and a variety of posters and signs, including a large black kanji symbol. The lighting is warm and dim, creating a cozy atmosphere. The art style is reminiscent of retro video games.",style_lora/Pixel/epoch-1.safetensors,style
Pixel,/shark/zhiwen/Image-In-Context/DiffSynth-Studio/data/style/OmniConsistency/Pixel/tar/065.png,"Stick Style, Pixel art of five men standing in a row, wearing black suits with white shirts, posing for a group photo. The man in the center is seated on a wooden chair, holding a cigarette in his hand. The other four men are standing behind him, one with a bonsai tree on a wooden stand. The background is a solid red color. The image has a retro, 8-bit video game aesthetic. The men have different expressions, some serious, some smiling.",style_lora/Pixel/epoch-1.safetensors,style
Pixel,/shark/zhiwen/Image-In-Context/DiffSynth-Studio/data/style/OmniConsistency/Pixel/tar/090.png,"Stick Style, Pixel art of a church with a tall, pointed steeple and a cross on top, standing in a grassy area with a path leading up to it. The church has a stone facade with large, arched windows and a door. The sky is blue with some clouds. The church is surrounded by a low stone wall. The style is pixelated, with a retro, 8-bit aesthetic.",style_lora/Pixel/epoch-1.safetensors,style
Pixel,/shark/zhiwen/Image-In-Context/DiffSynth-Studio/data/style/OmniConsistency/Pixel/tar/069.png,"Stick Style, A pixel art style illustration of five young women with long brown hair, wearing school uniforms with white shirts and purple ties. They are sitting closely together, smiling and waving at the viewer. The background is a simple indoor setting with a window and blue curtains. The girls have large, expressive eyes and are depicted with a cute and friendly demeanor. The image has a nostalgic, retro feel, reminiscent of early 2000s anime. The colors are vibrant and the shading is minimal, typical of pixel art.",style_lora/Pixel/epoch-1.safetensors,style
Pop_Art,/shark/zhiwen/Image-In-Context/DiffSynth-Studio/data/style/OmniConsistency/Pop_Art/tar/084.png,"A group of three friends posing playfully in a park, converted into a vibrant pop art style. Bright colors, high contrast, bold outlines, and comic book style textures. The background should include stylized trees and grass with dot patterns and saturated hues.",style_lora/Pop_Art/epoch-1.safetensors,style
Pop_Art,/shark/zhiwen/Image-In-Context/DiffSynth-Studio/data/style/OmniConsistency/Pop_Art/tar/060.png,"Three smiling women peeking out from behind a wooden door, vibrant pop art style, bold outlines, high contrast colors, comic book feel, 1024x1024",style_lora/Pop_Art/epoch-1.safetensors,style
Pop_Art,/shark/zhiwen/Image-In-Context/DiffSynth-Studio/data/style/OmniConsistency/Pop_Art/tar/116.png,"A pop art style illustration of a group of four people standing on a beach at night. The image should be vibrant and colorful, with bold outlines and high contrast in the classic pop art aesthetic. The background should include a night sky and a sandy beach. The people should be stylized with exaggerated colors and features, reminiscent of pop art works by Roy Lichtenstein or Andy Warhol. The group consists of two men and two women, posed in a friendly manner.",style_lora/Pop_Art/epoch-1.safetensors,style
Pop_Art,/shark/zhiwen/Image-In-Context/DiffSynth-Studio/data/style/OmniConsistency/Pop_Art/tar/063.png,"A group of friends posing outdoors near a lake during sunset, holding a dog. Convert the scene to a vibrant pop art style with bold outlines and bright, contrasting colors. Focus on artistic elements and iconic pop art aesthetics.",style_lora/Pop_Art/epoch-1.safetensors,style
Pop_Art,/shark/zhiwen/Image-In-Context/DiffSynth-Studio/data/style/OmniConsistency/Pop_Art/tar/114.png,"A pop art style illustration of four elegant women posing in glamorous dresses. Two women wear white dresses with veils, while the other two wear black gowns with tiaras. They are holding red roses and sitting or standing against a bold red background. The style should be bold, colorful, and reminiscent of classic pop art, with sharp lines, high contrast, and dotted textures.",style_lora/Pop_Art/epoch-1.safetensors,style
Rick_Morty,/shark/zhiwen/Image-In-Context/DiffSynth-Studio/data/style/OmniConsistency/Rick_Morty/tar/012.png,"A young woman taking a mirror selfie in a dressing room, drawn in the animated style of Rick and Morty. She has wavy black hair with colorful flowers in it, subtle makeup with flower designs on her cheeks, and is wearing a light green off-shoulder dress with ruffled sleeves. She is holding a smartphone with a cat-themed case and standing in front of a closet filled with colorful clothes. The background and lighting match the surreal and exaggerated cartoon style of Rick and Morty.",style_lora/Rick_Morty/epoch-1.safetensors,style
Rick_Morty,/shark/zhiwen/Image-In-Context/DiffSynth-Studio/data/style/OmniConsistency/Rick_Morty/tar/014.png,"A young woman in a whimsical pink floral dress, holding a translucent balloon with pink confetti inside. She has long wavy brown hair decorated with multiple pink sheer butterfly clips. The setting is a cozy, cute room with plush toys and soft pastel colors. Style: Rick and Morty animated style, with exaggerated cartoonish features, bold outlines, and vibrant coloring.",style_lora/Rick_Morty/epoch-1.safetensors,style
Rick_Morty,/shark/zhiwen/Image-In-Context/DiffSynth-Studio/data/style/OmniConsistency/Rick_Morty/tar/059.png,"Three young women sitting on a picnic blanket in a field, smiling and enjoying the sun, illustrated in the style of Rick and Morty. They are wearing light summer dresses with hair clips and ribbons, and there are flowers and grass around them. The scene has a cartoonish, exaggerated Rick and Morty aesthetic with bold outlines and quirky expressions.",style_lora/Rick_Morty/epoch-1.safetensors,style
Rick_Morty,/shark/zhiwen/Image-In-Context/DiffSynth-Studio/data/style/OmniConsistency/Rick_Morty/tar/081.png,"A group of four stylish young women in a cozy, elegant indoor setting, drawn in Rick and Morty cartoon style. One woman is sitting in the center wearing a sparkling silver dress and a tiara, while the others are around her in fashionable dark outfits, smiling and posing. The background includes warm lighting, rustic decor, and large plants. Their fashion and expressions are exaggerated in the Rick and Morty cartoon style. High detail, vibrant colors.",style_lora/Rick_Morty/epoch-1.safetensors,style
Rick_Morty,/shark/zhiwen/Image-In-Context/DiffSynth-Studio/data/style/OmniConsistency/Rick_Morty/tar/043.png,"Two young women sitting on a bed, one holding a teddy bear, both wearing cute dresses and posing cheerfully, drawn in the style of Rick and Morty cartoon. One has long wavy brown hair with bows, the other has black pigtails with accessories. Background is a cozy bedroom. Cartoon style, exaggerated Rick and Morty proportions and features.",style_lora/Rick_Morty/epoch-1.safetensors,style
Van_Gogh,/shark/zhiwen/Image-In-Context/DiffSynth-Studio/data/style/OmniConsistency/Van_Gogh/tar/030.png,"Two young women posing for a selfie in a cafe, transformed into a Van Gogh painting style with expressive brushstrokes and vivid, swirling colors. The background has a cozy, artistic ambiance with brick walls and coffee cups on the table. One woman wears sunglasses and a navy sweater, the other in red is striking a playful pose. Van Gogh's signature post-impressionist texture and color palette is applied.",style_lora/Van_Gogh/epoch-1.safetensors,style
Van_Gogh,/shark/zhiwen/Image-In-Context/DiffSynth-Studio/data/style/OmniConsistency/Van_Gogh/tar/104.png,"Architectural floor plan drawing in the style of Vincent van Gogh, with expressive brush strokes, swirling patterns, and vibrant colors. The layout includes labeled rooms and structures, all stylized in a painterly, post-impressionist fashion. Maintain the original blueprint structure but enhance with Van Gogh's artistic touch.",style_lora/Van_Gogh/epoch-1.safetensors,style
Van_Gogh,/shark/zhiwen/Image-In-Context/DiffSynth-Studio/data/style/OmniConsistency/Van_Gogh/tar/069.png,"A group of four young people playing a board game in a cozy room, depicted in the style of Vincent van Gogh. Use Van Gogh's signature swirling brushstrokes, vivid colors, and expressive lighting. Show them holding cards and smiling, with bookshelves and warm lighting in the background. Artistic interpretation of a fun game night, emphasizing texture and movement in the painting.",style_lora/Van_Gogh/epoch-1.safetensors,style
Van_Gogh,/shark/zhiwen/Image-In-Context/DiffSynth-Studio/data/style/OmniConsistency/Van_Gogh/tar/039.png,"Three women sitting closely together on a couch, smiling, wearing white tops and cozy sweaters, in the style of Vincent van Gogh. Bold brushstrokes, expressive colors, and swirling textures typical of Van Gogh's painting style.  referenced_image_ids [file-EqPipfGAnKu9hbSfTHqNep",style_lora/Van_Gogh/epoch-1.safetensors,style
Van_Gogh,/shark/zhiwen/Image-In-Context/DiffSynth-Studio/data/style/OmniConsistency/Van_Gogh/tar/081.png,"A group of four elegant women wearing black and white gowns with tiaras, posing against a red background. The image is in the style of Vincent van Gogh, with expressive brushstrokes, vibrant swirling colors, and dramatic lighting, resembling Van Gogh's post-impressionist paintings.  referenced_image_ids [file-A5z8CJyLwnXiBjbAbn341T",style_lora/Van_Gogh/epoch-1.safetensors,style
